-- MySQL dump 10.13  Distrib 5.7.44, for Linux (x86_64)
--
-- Host: localhost    Database: online_education
-- ------------------------------------------------------
-- Server version	5.7.44-log

/*!40101 SET @OLD_CHARACTER_SET_CLIENT=@@CHARACTER_SET_CLIENT */;
/*!40101 SET @OLD_CHARACTER_SET_RESULTS=@@CHARACTER_SET_RESULTS */;
/*!40101 SET @OLD_COLLATION_CONNECTION=@@COLLATION_CONNECTION */;
/*!40101 SET NAMES utf8 */;
/*!40103 SET @OLD_TIME_ZONE=@@TIME_ZONE */;
/*!40103 SET TIME_ZONE='+00:00' */;
/*!40014 SET @OLD_UNIQUE_CHECKS=@@UNIQUE_CHECKS, UNIQUE_CHECKS=0 */;
/*!40014 SET @OLD_FOREIGN_KEY_CHECKS=@@FOREIGN_KEY_CHECKS, FOREIGN_KEY_CHECKS=0 */;
/*!40101 SET @OLD_SQL_MODE=@@SQL_MODE, SQL_MODE='NO_AUTO_VALUE_ON_ZERO' */;
/*!40111 SET @OLD_SQL_NOTES=@@SQL_NOTES, SQL_NOTES=0 */;

--
-- Table structure for table `assignments`
--

DROP TABLE IF EXISTS `assignments`;
/*!40101 SET @saved_cs_client     = @@character_set_client */;
/*!40101 SET character_set_client = utf8 */;
CREATE TABLE `assignments` (
  `id` bigint(20) NOT NULL AUTO_INCREMENT,
  `title` varchar(255) DEFAULT NULL,
  `description` text,
  `course_id` bigint(20) DEFAULT NULL,
  `due_date` datetime DEFAULT NULL,
  `created_by` bigint(20) DEFAULT NULL,
  `created_at` datetime DEFAULT CURRENT_TIMESTAMP,
  PRIMARY KEY (`id`)
) ENGINE=InnoDB DEFAULT CHARSET=utf8mb4;
/*!40101 SET character_set_client = @saved_cs_client */;

--
-- Dumping data for table `assignments`
--

LOCK TABLES `assignments` WRITE;
/*!40000 ALTER TABLE `assignments` DISABLE KEYS */;
/*!40000 ALTER TABLE `assignments` ENABLE KEYS */;
UNLOCK TABLES;

--
-- Table structure for table `classes`
--

DROP TABLE IF EXISTS `classes`;
/*!40101 SET @saved_cs_client     = @@character_set_client */;
/*!40101 SET character_set_client = utf8 */;
CREATE TABLE `classes` (
  `id` int(11) NOT NULL AUTO_INCREMENT,
  `name` varchar(100) NOT NULL,
  `teacher_id` int(11) DEFAULT NULL,
  `created_at` timestamp NULL DEFAULT CURRENT_TIMESTAMP,
  `grade_level_id` bigint(20) DEFAULT NULL,
  PRIMARY KEY (`id`),
  KEY `teacher_id` (`teacher_id`),
  CONSTRAINT `classes_ibfk_1` FOREIGN KEY (`teacher_id`) REFERENCES `users` (`id`)
) ENGINE=InnoDB AUTO_INCREMENT=20 DEFAULT CHARSET=utf8mb4;
/*!40101 SET character_set_client = @saved_cs_client */;

--
-- Dumping data for table `classes`
--

LOCK TABLES `classes` WRITE;
/*!40000 ALTER TABLE `classes` DISABLE KEYS */;
INSERT INTO `classes` VALUES (1,'Java Class',1,'2025-11-26 15:25:44',NULL),(2,'1年级1班',NULL,'2025-11-26 16:04:30',1),(3,'1年级2班',NULL,'2025-11-26 16:04:30',1),(4,'1年级3班',NULL,'2025-11-26 16:04:30',1),(5,'2年级1班',NULL,'2025-11-26 16:04:30',2),(6,'2年级2班',NULL,'2025-11-26 16:04:30',2),(7,'2年级3班',NULL,'2025-11-26 16:04:30',2),(8,'3年级1班',NULL,'2025-11-26 16:04:30',3),(9,'3年级2班',NULL,'2025-11-26 16:04:30',3),(10,'3年级3班',NULL,'2025-11-26 16:04:30',3),(11,'4年级1班',NULL,'2025-11-26 16:04:30',4),(12,'4年级2班',NULL,'2025-11-26 16:04:30',4),(13,'4年级3班',NULL,'2025-11-26 16:04:30',4),(14,'5年级1班',NULL,'2025-11-26 16:04:30',5),(15,'5年级2班',NULL,'2025-11-26 16:04:30',5),(16,'5年级3班',NULL,'2025-11-26 16:04:30',5),(17,'6年级1班',NULL,'2025-11-26 16:04:30',6),(18,'6年级2班',NULL,'2025-11-26 16:04:30',6),(19,'6年级3班',NULL,'2025-11-26 16:04:30',6);
/*!40000 ALTER TABLE `classes` ENABLE KEYS */;
UNLOCK TABLES;

--
-- Table structure for table `contents`
--

DROP TABLE IF EXISTS `contents`;
/*!40101 SET @saved_cs_client     = @@character_set_client */;
/*!40101 SET character_set_client = utf8 */;
CREATE TABLE `contents` (
  `id` int(11) NOT NULL AUTO_INCREMENT,
  `course_id` int(11) DEFAULT NULL,
  `title` varchar(100) NOT NULL,
  `body` text,
  `created_at` timestamp NULL DEFAULT CURRENT_TIMESTAMP,
  PRIMARY KEY (`id`),
  KEY `course_id` (`course_id`),
  CONSTRAINT `contents_ibfk_1` FOREIGN KEY (`course_id`) REFERENCES `courses` (`id`)
) ENGINE=InnoDB AUTO_INCREMENT=3 DEFAULT CHARSET=utf8mb4;
/*!40101 SET character_set_client = @saved_cs_client */;

--
-- Dumping data for table `contents`
--

LOCK TABLES `contents` WRITE;
/*!40000 ALTER TABLE `contents` DISABLE KEYS */;
INSERT INTO `contents` VALUES (1,1,'Introduction to Java','Java is a versatile programming language.','2025-11-26 15:25:44'),(2,2,'Getting Started with Spring Boot','Spring Boot simplifies Java development.','2025-11-26 15:25:44');
/*!40000 ALTER TABLE `contents` ENABLE KEYS */;
UNLOCK TABLES;

--
-- Table structure for table `course_videos`
--

DROP TABLE IF EXISTS `course_videos`;
/*!40101 SET @saved_cs_client     = @@character_set_client */;
/*!40101 SET character_set_client = utf8 */;
CREATE TABLE `course_videos` (
  `id` bigint(20) NOT NULL AUTO_INCREMENT,
  `course_id` bigint(20) DEFAULT NULL,
  `teacher_id` bigint(20) DEFAULT NULL,
  `filename` varchar(255) DEFAULT NULL,
  `path` varchar(1024) DEFAULT NULL,
  `thumbnail_path` varchar(1024) DEFAULT NULL,
  `title` varchar(255) DEFAULT NULL,
  `description` text,
  `content_type` varchar(100) DEFAULT NULL,
  `size` bigint(20) DEFAULT NULL,
  `uploaded_at` timestamp NULL DEFAULT CURRENT_TIMESTAMP,
  `approved` tinyint(4) DEFAULT '0',
  `review_remark` varchar(255) DEFAULT NULL,
  `reviewed_at` datetime DEFAULT NULL,
  PRIMARY KEY (`id`)
) ENGINE=InnoDB AUTO_INCREMENT=18 DEFAULT CHARSET=utf8mb4;
/*!40101 SET character_set_client = @saved_cs_client */;

--
-- Dumping data for table `course_videos`
--

LOCK TABLES `course_videos` WRITE;
/*!40000 ALTER TABLE `course_videos` DISABLE KEYS */;
INSERT INTO `course_videos` VALUES (10,1,1,'1.mp4','uploads/teacher_1/course_1/1.mp4',NULL,'1.mp4',NULL,'video/mp4',453990,'2025-12-09 16:29:34',-1,'不通过','2025-12-10 09:40:16'),(11,1,1,'1.mp4','uploads/teacher_1/course_1/1.mp4',NULL,'1.mp4',NULL,'video/mp4',453990,'2025-12-09 16:30:19',0,NULL,NULL),(12,1,1,'1.mp4','uploads/teacher_1/course_1/1.mp4',NULL,'1.mp4',NULL,'video/mp4',453990,'2025-12-09 16:30:20',-1,'1','2025-12-10 11:32:30'),(13,1,1,'1.mp4','uploads/teacher_1/course_1/1.mp4',NULL,'1.mp4',NULL,'video/mp4',453990,'2025-12-09 16:30:20',0,NULL,NULL),(14,1,1,'1.mp4','uploads/teacher_1/course_1/1.mp4',NULL,'1.mp4',NULL,'video/mp4',453990,'2025-12-09 16:30:20',0,NULL,NULL),(15,1,1,'1.mp4','uploads/teacher_1/course_1/1.mp4',NULL,'1.mp4',NULL,'video/mp4',453990,'2025-12-09 16:30:20',0,NULL,NULL),(16,1,1,'1.mp4','uploads/teacher_1/course_1/1.mp4',NULL,'1.mp4',NULL,'video/mp4',453990,'2025-12-09 16:30:21',0,NULL,NULL),(17,7,1,'1.mp4','uploads/teacher_1/course_7/1.mp4',NULL,'1.mp4',NULL,'video/mp4',453990,'2025-12-10 01:39:13',1,NULL,'2025-12-10 09:40:25');
/*!40000 ALTER TABLE `course_videos` ENABLE KEYS */;
UNLOCK TABLES;

--
-- Table structure for table `courses`
--

DROP TABLE IF EXISTS `courses`;
/*!40101 SET @saved_cs_client     = @@character_set_client */;
/*!40101 SET character_set_client = utf8 */;
CREATE TABLE `courses` (
  `id` int(11) NOT NULL AUTO_INCREMENT,
  `title` varchar(100) NOT NULL,
  `description` text,
  `teacher_id` int(11) DEFAULT NULL,
  `created_at` timestamp NULL DEFAULT CURRENT_TIMESTAMP,
  `approved` tinyint(1) NOT NULL DEFAULT '0',
  `uploaded_at` datetime DEFAULT NULL,
  `video_filename` varchar(255) DEFAULT NULL,
  `video_path` varchar(1024) DEFAULT NULL,
  `video_size` bigint(20) DEFAULT NULL,
  `video_content_type` varchar(100) DEFAULT NULL,
  `video_data` longblob,
  PRIMARY KEY (`id`),
  KEY `teacher_id` (`teacher_id`),
  CONSTRAINT `courses_ibfk_1` FOREIGN KEY (`teacher_id`) REFERENCES `users` (`id`)
) ENGINE=InnoDB AUTO_INCREMENT=12 DEFAULT CHARSET=utf8mb4;
/*!40101 SET character_set_client = @saved_cs_client */;

--
-- Dumping data for table `courses`
--

LOCK TABLES `courses` WRITE;
/*!40000 ALTER TABLE `courses` DISABLE KEYS */;
INSERT INTO `courses` VALUES (1,'Java Basics','Learn the basics of Java programming.',1,'2025-11-26 15:25:44',1,NULL,NULL,NULL,NULL,NULL,NULL),(2,'Spring Boot','Build web applications with Spring Boot.',1,'2025-11-26 15:25:44',0,NULL,NULL,NULL,NULL,NULL,NULL),(3,'语文','语文科目',NULL,'2025-11-26 16:00:35',1,NULL,NULL,NULL,NULL,NULL,NULL),(4,'数学','数学科目',NULL,'2025-11-26 16:00:35',0,NULL,NULL,NULL,NULL,NULL,NULL),(5,'英语','英语科目',NULL,'2025-11-26 16:00:35',1,NULL,NULL,NULL,NULL,NULL,NULL),(6,'道法','道法科目',NULL,'2025-11-26 16:24:39',0,NULL,NULL,NULL,NULL,NULL,NULL),(7,'体育','体育科目',NULL,'2025-11-26 16:24:39',1,NULL,NULL,NULL,NULL,NULL,NULL),(8,'2','',4,'2025-11-27 13:12:17',0,NULL,NULL,NULL,NULL,NULL,NULL),(9,'1','',4,'2025-11-27 13:34:56',0,NULL,NULL,NULL,NULL,NULL,NULL),(10,'1','',4,'2025-11-27 15:02:25',0,NULL,NULL,NULL,NULL,NULL,NULL),(11,'2','',4,'2025-11-28 03:02:33',0,NULL,NULL,NULL,NULL,NULL,NULL);
/*!40000 ALTER TABLE `courses` ENABLE KEYS */;
UNLOCK TABLES;

--
-- Table structure for table `grade_levels`
--

DROP TABLE IF EXISTS `grade_levels`;
/*!40101 SET @saved_cs_client     = @@character_set_client */;
/*!40101 SET character_set_client = utf8 */;
CREATE TABLE `grade_levels` (
  `id` bigint(20) NOT NULL AUTO_INCREMENT,
  `name` varchar(255) NOT NULL,
  `parent_id` bigint(20) DEFAULT NULL,
  `created_at` datetime DEFAULT CURRENT_TIMESTAMP,
  PRIMARY KEY (`id`),
  KEY `parent_id` (`parent_id`),
  CONSTRAINT `fk_grade_levels_parent` FOREIGN KEY (`parent_id`) REFERENCES `grade_levels` (`id`) ON DELETE SET NULL
) ENGINE=InnoDB AUTO_INCREMENT=7 DEFAULT CHARSET=utf8mb4;
/*!40101 SET character_set_client = @saved_cs_client */;

--
-- Dumping data for table `grade_levels`
--

LOCK TABLES `grade_levels` WRITE;
/*!40000 ALTER TABLE `grade_levels` DISABLE KEYS */;
INSERT INTO `grade_levels` VALUES (1,'1年级',NULL,'2025-11-27 00:00:35'),(2,'2年级',NULL,'2025-11-27 00:00:35'),(3,'3年级',NULL,'2025-11-27 00:00:35'),(4,'4年级',NULL,'2025-11-27 00:00:35'),(5,'5年级',NULL,'2025-11-27 00:00:35'),(6,'6年级',NULL,'2025-11-27 00:00:35');
/*!40000 ALTER TABLE `grade_levels` ENABLE KEYS */;
UNLOCK TABLES;

--
-- Table structure for table `grades`
--

DROP TABLE IF EXISTS `grades`;
/*!40101 SET @saved_cs_client     = @@character_set_client */;
/*!40101 SET character_set_client = utf8 */;
CREATE TABLE `grades` (
  `id` int(11) NOT NULL AUTO_INCREMENT,
  `student_id` int(11) DEFAULT NULL,
  `course_id` int(11) DEFAULT NULL,
  `score` decimal(5,2) DEFAULT NULL,
  `modified_by` int(11) DEFAULT NULL,
  `modified_at` timestamp NULL DEFAULT CURRENT_TIMESTAMP ON UPDATE CURRENT_TIMESTAMP,
  `class_id` bigint(20) DEFAULT NULL,
  `type` varchar(64) DEFAULT NULL,
  `remarks` text,
  PRIMARY KEY (`id`),
  KEY `student_id` (`student_id`),
  KEY `course_id` (`course_id`),
  KEY `modified_by` (`modified_by`),
  KEY `idx_grades_class` (`class_id`),
  CONSTRAINT `grades_ibfk_1` FOREIGN KEY (`student_id`) REFERENCES `users` (`id`),
  CONSTRAINT `grades_ibfk_2` FOREIGN KEY (`course_id`) REFERENCES `courses` (`id`),
  CONSTRAINT `grades_ibfk_3` FOREIGN KEY (`modified_by`) REFERENCES `users` (`id`)
) ENGINE=InnoDB AUTO_INCREMENT=1142 DEFAULT CHARSET=utf8mb4;
/*!40101 SET character_set_client = @saved_cs_client */;

--
-- Dumping data for table `grades`
--

LOCK TABLES `grades` WRITE;
/*!40000 ALTER TABLE `grades` DISABLE KEYS */;
INSERT INTO `grades` VALUES (1,1,1,90.00,1,'2025-11-26 15:25:44',NULL,NULL,NULL),(2,8,3,76.00,1,'2025-11-26 16:15:54',2,'语文',NULL),(3,8,4,60.00,1,'2025-11-26 16:15:54',2,'数学',NULL),(4,8,5,100.00,1,'2025-11-26 16:15:54',2,'英语',NULL),(5,9,3,83.00,1,'2025-11-26 16:15:54',2,'语文',NULL),(6,9,4,74.00,1,'2025-11-26 16:15:54',2,'数学',NULL),(7,9,5,75.00,1,'2025-11-26 16:15:54',2,'英语',NULL),(8,10,3,69.00,1,'2025-11-26 16:15:54',2,'语文',NULL),(9,10,4,70.00,1,'2025-11-26 16:15:54',2,'数学',NULL),(10,10,5,67.00,1,'2025-11-26 16:15:54',2,'英语',NULL),(11,11,3,97.00,1,'2025-11-26 16:15:54',2,'语文',NULL),(12,11,4,72.00,1,'2025-11-26 16:15:54',2,'数学',NULL),(13,11,5,95.00,1,'2025-11-26 16:15:54',2,'英语',NULL),(14,12,3,81.00,1,'2025-11-26 16:15:54',2,'语文',NULL),(15,12,4,99.00,1,'2025-11-26 16:15:54',2,'数学',NULL),(16,12,5,100.00,1,'2025-11-26 16:15:54',2,'英语',NULL),(17,13,3,80.00,1,'2025-11-26 16:15:54',2,'语文',NULL),(18,13,4,64.00,1,'2025-11-26 16:15:54',2,'数学',NULL),(19,13,5,89.00,1,'2025-11-26 16:15:54',2,'英语',NULL),(20,14,3,70.00,1,'2025-11-26 16:15:54',2,'语文',NULL),(21,14,4,70.00,1,'2025-11-26 16:15:54',2,'数学',NULL),(22,14,5,82.00,1,'2025-11-26 16:15:54',2,'英语',NULL),(23,188,3,76.00,1,'2025-11-26 16:15:54',2,'语文',NULL),(24,188,4,92.00,1,'2025-11-26 16:15:54',2,'数学',NULL),(25,188,5,93.00,1,'2025-11-26 16:15:54',2,'英语',NULL),(26,189,3,92.00,1,'2025-11-26 16:15:55',2,'语文',NULL),(27,189,4,80.00,1,'2025-11-26 16:15:55',2,'数学',NULL),(28,189,5,64.00,1,'2025-11-26 16:15:55',2,'英语',NULL),(29,17,3,71.00,1,'2025-11-26 16:15:55',2,'语文',NULL),(30,17,4,94.00,1,'2025-11-26 16:15:55',2,'数学',NULL),(31,17,5,61.00,1,'2025-11-26 16:15:55',2,'英语',NULL),(32,18,3,91.00,1,'2025-11-26 16:15:55',3,'语文',NULL),(33,18,4,94.00,1,'2025-11-26 16:15:55',3,'数学',NULL),(34,18,5,94.00,1,'2025-11-26 16:15:55',3,'英语',NULL),(35,19,3,63.00,1,'2025-11-26 16:15:55',3,'语文',NULL),(36,19,4,62.00,1,'2025-11-26 16:15:55',3,'数学',NULL),(37,19,5,61.00,1,'2025-11-26 16:15:55',3,'英语',NULL),(38,20,3,85.00,1,'2025-11-26 16:15:55',3,'语文',NULL),(39,20,4,92.00,1,'2025-11-26 16:15:55',3,'数学',NULL),(40,20,5,95.00,1,'2025-11-26 16:15:55',3,'英语',NULL),(41,21,3,96.00,1,'2025-11-26 16:15:55',3,'语文',NULL),(42,21,4,95.00,1,'2025-11-26 16:15:55',3,'数学',NULL),(43,21,5,64.00,1,'2025-11-26 16:15:55',3,'英语',NULL),(44,22,3,95.00,1,'2025-11-26 16:15:55',3,'语文',NULL),(45,22,4,69.00,1,'2025-11-26 16:15:55',3,'数学',NULL),(46,22,5,66.00,1,'2025-11-26 16:15:55',3,'英语',NULL),(47,23,3,97.00,1,'2025-11-26 16:15:55',3,'语文',NULL),(48,23,4,63.00,1,'2025-11-26 16:15:55',3,'数学',NULL),(49,23,5,94.00,1,'2025-11-26 16:15:55',3,'英语',NULL),(50,24,3,62.00,1,'2025-11-26 16:15:56',3,'语文',NULL),(51,24,4,96.00,1,'2025-11-26 16:15:56',3,'数学',NULL),(52,24,5,87.00,1,'2025-11-26 16:15:56',3,'英语',NULL),(53,190,3,76.00,1,'2025-11-26 16:15:56',3,'语文',NULL),(54,190,4,80.00,1,'2025-11-26 16:15:56',3,'数学',NULL),(55,190,5,95.00,1,'2025-11-26 16:15:56',3,'英语',NULL),(56,191,3,81.00,1,'2025-11-26 16:15:56',3,'语文',NULL),(57,191,4,68.00,1,'2025-11-26 16:15:56',3,'数学',NULL),(58,191,5,89.00,1,'2025-11-26 16:15:56',3,'英语',NULL),(59,27,3,95.00,1,'2025-11-26 16:15:56',3,'语文',NULL),(60,27,4,61.00,1,'2025-11-26 16:15:56',3,'数学',NULL),(61,27,5,79.00,1,'2025-11-26 16:15:56',3,'英语',NULL),(62,28,3,89.00,1,'2025-11-26 16:15:56',4,'语文',NULL),(63,28,4,72.00,1,'2025-11-26 16:15:56',4,'数学',NULL),(64,28,5,91.00,1,'2025-11-26 16:15:56',4,'英语',NULL),(65,29,3,73.00,1,'2025-11-26 16:15:56',4,'语文',NULL),(66,29,4,94.00,1,'2025-11-26 16:15:56',4,'数学',NULL),(67,29,5,84.00,1,'2025-11-26 16:15:56',4,'英语',NULL),(68,30,3,99.00,1,'2025-11-26 16:15:56',4,'语文',NULL),(69,30,4,67.00,1,'2025-11-26 16:15:56',4,'数学',NULL),(70,30,5,100.00,1,'2025-11-26 16:15:56',4,'英语',NULL),(71,31,3,89.00,1,'2025-11-26 16:15:56',4,'语文',NULL),(72,31,4,74.00,1,'2025-11-26 16:15:56',4,'数学',NULL),(73,31,5,98.00,1,'2025-11-26 16:15:56',4,'英语',NULL),(74,32,3,60.00,1,'2025-11-26 16:15:57',4,'语文',NULL),(75,32,4,88.00,1,'2025-11-26 16:15:57',4,'数学',NULL),(76,32,5,73.00,1,'2025-11-26 16:15:57',4,'英语',NULL),(77,33,3,78.00,1,'2025-11-26 16:15:57',4,'语文',NULL),(78,33,4,100.00,1,'2025-11-26 16:15:57',4,'数学',NULL),(79,33,5,70.00,1,'2025-11-26 16:15:57',4,'英语',NULL),(80,34,3,88.00,1,'2025-11-26 16:15:57',4,'语文',NULL),(81,34,4,73.00,1,'2025-11-26 16:15:57',4,'数学',NULL),(82,34,5,69.00,1,'2025-11-26 16:15:57',4,'英语',NULL),(83,192,3,85.00,1,'2025-11-26 16:15:57',4,'语文',NULL),(84,192,4,95.00,1,'2025-11-26 16:15:57',4,'数学',NULL),(85,192,5,90.00,1,'2025-11-26 16:15:57',4,'英语',NULL),(86,193,3,91.00,1,'2025-11-26 16:15:57',4,'语文',NULL),(87,193,4,63.00,1,'2025-11-26 16:15:57',4,'数学',NULL),(88,193,5,79.00,1,'2025-11-26 16:15:57',4,'英语',NULL),(89,37,3,93.00,1,'2025-11-26 16:15:57',4,'语文',NULL),(90,37,4,75.00,1,'2025-11-26 16:15:57',4,'数学',NULL),(91,37,5,100.00,1,'2025-11-26 16:15:57',4,'英语',NULL),(92,38,3,80.00,1,'2025-11-26 16:15:57',5,'语文',NULL),(93,38,4,80.00,1,'2025-11-26 16:15:57',5,'数学',NULL),(94,38,5,84.00,1,'2025-11-26 16:15:57',5,'英语',NULL),(95,39,3,94.00,1,'2025-11-26 16:15:57',5,'语文',NULL),(96,39,4,98.00,1,'2025-11-26 16:15:57',5,'数学',NULL),(97,39,5,70.00,1,'2025-11-26 16:15:57',5,'英语',NULL),(98,40,3,84.00,1,'2025-11-26 16:15:57',5,'语文',NULL),(99,40,4,94.00,1,'2025-11-26 16:15:58',5,'数学',NULL),(100,40,5,84.00,1,'2025-11-26 16:15:58',5,'英语',NULL),(101,41,3,74.00,1,'2025-11-26 16:15:58',5,'语文',NULL),(102,41,4,96.00,1,'2025-11-26 16:15:58',5,'数学',NULL),(103,41,5,74.00,1,'2025-11-26 16:15:58',5,'英语',NULL),(104,42,3,75.00,1,'2025-11-26 16:15:58',5,'语文',NULL),(105,42,4,72.00,1,'2025-11-26 16:15:58',5,'数学',NULL),(106,42,5,93.00,1,'2025-11-26 16:15:58',5,'英语',NULL),(107,43,3,89.00,1,'2025-11-26 16:15:58',5,'语文',NULL),(108,43,4,79.00,1,'2025-11-26 16:15:58',5,'数学',NULL),(109,43,5,96.00,1,'2025-11-26 16:15:58',5,'英语',NULL),(110,44,3,93.00,1,'2025-11-26 16:15:58',5,'语文',NULL),(111,44,4,98.00,1,'2025-11-26 16:15:58',5,'数学',NULL),(112,44,5,84.00,1,'2025-11-26 16:15:58',5,'英语',NULL),(113,194,3,78.00,1,'2025-11-26 16:15:58',5,'语文',NULL),(114,194,4,95.00,1,'2025-11-26 16:15:58',5,'数学',NULL),(115,194,5,67.00,1,'2025-11-26 16:15:58',5,'英语',NULL),(116,195,3,79.00,1,'2025-11-26 16:15:58',5,'语文',NULL),(117,195,4,90.00,1,'2025-11-26 16:15:58',5,'数学',NULL),(118,195,5,82.00,1,'2025-11-26 16:15:58',5,'英语',NULL),(119,47,3,99.00,1,'2025-11-26 16:15:58',5,'语文',NULL),(120,47,4,90.00,1,'2025-11-26 16:15:58',5,'数学',NULL),(121,47,5,85.00,1,'2025-11-26 16:15:58',5,'英语',NULL),(122,48,3,82.00,1,'2025-11-26 16:15:58',6,'语文',NULL),(123,48,4,66.00,1,'2025-11-26 16:15:59',6,'数学',NULL),(124,48,5,98.00,1,'2025-11-26 16:15:59',6,'英语',NULL),(125,49,3,77.00,1,'2025-11-26 16:15:59',6,'语文',NULL),(126,49,4,86.00,1,'2025-11-26 16:15:59',6,'数学',NULL),(127,49,5,89.00,1,'2025-11-26 16:15:59',6,'英语',NULL),(128,50,3,98.00,1,'2025-11-26 16:15:59',6,'语文',NULL),(129,50,4,77.00,1,'2025-11-26 16:15:59',6,'数学',NULL),(130,50,5,87.00,1,'2025-11-26 16:15:59',6,'英语',NULL),(131,51,3,64.00,1,'2025-11-26 16:15:59',6,'语文',NULL),(132,51,4,97.00,1,'2025-11-26 16:15:59',6,'数学',NULL),(133,51,5,82.00,1,'2025-11-26 16:15:59',6,'英语',NULL),(134,52,3,90.00,1,'2025-11-26 16:15:59',6,'语文',NULL),(135,52,4,85.00,1,'2025-11-26 16:15:59',6,'数学',NULL),(136,52,5,72.00,1,'2025-11-26 16:15:59',6,'英语',NULL),(137,53,3,91.00,1,'2025-11-26 16:15:59',6,'语文',NULL),(138,53,4,93.00,1,'2025-11-26 16:15:59',6,'数学',NULL),(139,53,5,76.00,1,'2025-11-26 16:15:59',6,'英语',NULL),(140,54,3,92.00,1,'2025-11-26 16:15:59',6,'语文',NULL),(141,54,4,63.00,1,'2025-11-26 16:15:59',6,'数学',NULL),(142,54,5,63.00,1,'2025-11-26 16:15:59',6,'英语',NULL),(143,196,3,88.00,1,'2025-11-26 16:15:59',6,'语文',NULL),(144,196,4,62.00,1,'2025-11-26 16:15:59',6,'数学',NULL),(145,196,5,74.00,1,'2025-11-26 16:15:59',6,'英语',NULL),(146,197,3,96.00,1,'2025-11-26 16:15:59',6,'语文',NULL),(147,197,4,83.00,1,'2025-11-26 16:16:00',6,'数学',NULL),(148,197,5,60.00,1,'2025-11-26 16:16:00',6,'英语',NULL),(149,57,3,77.00,1,'2025-11-26 16:16:00',6,'语文',NULL),(150,57,4,94.00,1,'2025-11-26 16:16:00',6,'数学',NULL),(151,57,5,91.00,1,'2025-11-26 16:16:00',6,'英语',NULL),(152,58,3,99.00,1,'2025-11-26 16:16:00',7,'语文',NULL),(153,58,4,96.00,1,'2025-11-26 16:16:00',7,'数学',NULL),(154,58,5,92.00,1,'2025-11-26 16:16:00',7,'英语',NULL),(155,59,3,70.00,1,'2025-11-26 16:16:00',7,'语文',NULL),(156,59,4,100.00,1,'2025-11-26 16:16:00',7,'数学',NULL),(157,59,5,95.00,1,'2025-11-26 16:16:00',7,'英语',NULL),(158,60,3,92.00,1,'2025-11-26 16:16:00',7,'语文',NULL),(159,60,4,86.00,1,'2025-11-26 16:16:00',7,'数学',NULL),(160,60,5,88.00,1,'2025-11-26 16:16:00',7,'英语',NULL),(161,61,3,66.00,1,'2025-11-26 16:16:00',7,'语文',NULL),(162,61,4,88.00,1,'2025-11-26 16:16:00',7,'数学',NULL),(163,61,5,72.00,1,'2025-11-26 16:16:00',7,'英语',NULL),(164,62,3,60.00,1,'2025-11-26 16:16:00',7,'语文',NULL),(165,62,4,91.00,1,'2025-11-26 16:16:00',7,'数学',NULL),(166,62,5,63.00,1,'2025-11-26 16:16:00',7,'英语',NULL),(167,63,3,65.00,1,'2025-11-26 16:16:00',7,'语文',NULL),(168,63,4,70.00,1,'2025-11-26 16:16:00',7,'数学',NULL),(169,63,5,72.00,1,'2025-11-26 16:16:00',7,'英语',NULL),(170,64,3,79.00,1,'2025-11-26 16:16:00',7,'语文',NULL),(171,64,4,74.00,1,'2025-11-26 16:16:00',7,'数学',NULL),(172,64,5,71.00,1,'2025-11-26 16:16:01',7,'英语',NULL),(173,198,3,65.00,1,'2025-11-26 16:16:01',7,'语文',NULL),(174,198,4,84.00,1,'2025-11-26 16:16:01',7,'数学',NULL),(175,198,5,67.00,1,'2025-11-26 16:16:01',7,'英语',NULL),(176,199,3,71.00,1,'2025-11-26 16:16:01',7,'语文',NULL),(177,199,4,88.00,1,'2025-11-26 16:16:01',7,'数学',NULL),(178,199,5,96.00,1,'2025-11-26 16:16:01',7,'英语',NULL),(179,67,3,66.00,1,'2025-11-26 16:16:01',7,'语文',NULL),(180,67,4,63.00,1,'2025-11-26 16:16:01',7,'数学',NULL),(181,67,5,97.00,1,'2025-11-26 16:16:01',7,'英语',NULL),(182,68,3,75.00,1,'2025-11-26 16:16:01',8,'语文',NULL),(183,68,4,88.00,1,'2025-11-26 16:16:01',8,'数学',NULL),(184,68,5,97.00,1,'2025-11-26 16:16:01',8,'英语',NULL),(185,69,3,89.00,1,'2025-11-26 16:16:01',8,'语文',NULL),(186,69,4,90.00,1,'2025-11-26 16:16:01',8,'数学',NULL),(187,69,5,68.00,1,'2025-11-26 16:16:01',8,'英语',NULL),(188,70,3,74.00,1,'2025-11-26 16:16:01',8,'语文',NULL),(189,70,4,60.00,1,'2025-11-26 16:16:01',8,'数学',NULL),(190,70,5,63.00,1,'2025-11-26 16:16:01',8,'英语',NULL),(191,71,3,94.00,1,'2025-11-26 16:16:01',8,'语文',NULL),(192,71,4,98.00,1,'2025-11-26 16:16:01',8,'数学',NULL),(193,71,5,68.00,1,'2025-11-26 16:16:01',8,'英语',NULL),(194,72,3,99.00,1,'2025-11-26 16:16:01',8,'语文',NULL),(195,72,4,61.00,1,'2025-11-26 16:16:01',8,'数学',NULL),(196,72,5,72.00,1,'2025-11-26 16:16:02',8,'英语',NULL),(197,73,3,93.00,1,'2025-11-26 16:16:02',8,'语文',NULL),(198,73,4,98.00,1,'2025-11-26 16:16:02',8,'数学',NULL),(199,73,5,76.00,1,'2025-11-26 16:16:02',8,'英语',NULL),(200,74,3,77.00,1,'2025-11-26 16:16:02',8,'语文',NULL),(201,74,4,60.00,1,'2025-11-26 16:16:02',8,'数学',NULL),(202,74,5,96.00,1,'2025-11-26 16:16:02',8,'英语',NULL),(203,200,3,100.00,1,'2025-11-26 16:16:02',8,'语文',NULL),(204,200,4,66.00,1,'2025-11-26 16:16:02',8,'数学',NULL),(205,200,5,91.00,1,'2025-11-26 16:16:02',8,'英语',NULL),(206,201,3,88.00,1,'2025-11-26 16:16:02',8,'语文',NULL),(207,201,4,77.00,1,'2025-11-26 16:16:02',8,'数学',NULL),(208,201,5,94.00,1,'2025-11-26 16:16:02',8,'英语',NULL),(209,77,3,63.00,1,'2025-11-26 16:16:02',8,'语文',NULL),(210,77,4,60.00,1,'2025-11-26 16:16:02',8,'数学',NULL),(211,77,5,96.00,1,'2025-11-26 16:16:02',8,'英语',NULL),(212,78,3,93.00,1,'2025-11-26 16:16:02',9,'语文',NULL),(213,78,4,72.00,1,'2025-11-26 16:16:02',9,'数学',NULL),(214,78,5,85.00,1,'2025-11-26 16:16:02',9,'英语',NULL),(215,79,3,89.00,1,'2025-11-26 16:16:02',9,'语文',NULL),(216,79,4,65.00,1,'2025-11-26 16:16:02',9,'数学',NULL),(217,79,5,85.00,1,'2025-11-26 16:16:02',9,'英语',NULL),(218,80,3,97.00,1,'2025-11-26 16:16:02',9,'语文',NULL),(219,80,4,89.00,1,'2025-11-26 16:16:02',9,'数学',NULL),(220,80,5,81.00,1,'2025-11-26 16:16:03',9,'英语',NULL),(221,81,3,72.00,1,'2025-11-26 16:16:03',9,'语文',NULL),(222,81,4,94.00,1,'2025-11-26 16:16:03',9,'数学',NULL),(223,81,5,72.00,1,'2025-11-26 16:16:03',9,'英语',NULL),(224,82,3,72.00,1,'2025-11-26 16:16:03',9,'语文',NULL),(225,82,4,87.00,1,'2025-11-26 16:16:03',9,'数学',NULL),(226,82,5,66.00,1,'2025-11-26 16:16:03',9,'英语',NULL),(227,83,3,84.00,1,'2025-11-26 16:16:03',9,'语文',NULL),(228,83,4,85.00,1,'2025-11-26 16:16:03',9,'数学',NULL),(229,83,5,96.00,1,'2025-11-26 16:16:03',9,'英语',NULL),(230,84,3,98.00,1,'2025-11-26 16:16:03',9,'语文',NULL),(231,84,4,85.00,1,'2025-11-26 16:16:03',9,'数学',NULL),(232,84,5,80.00,1,'2025-11-26 16:16:03',9,'英语',NULL),(233,202,3,96.00,1,'2025-11-26 16:16:03',9,'语文',NULL),(234,202,4,66.00,1,'2025-11-26 16:16:03',9,'数学',NULL),(235,202,5,60.00,1,'2025-11-26 16:16:03',9,'英语',NULL),(236,203,3,75.00,1,'2025-11-26 16:16:03',9,'语文',NULL),(237,203,4,66.00,1,'2025-11-26 16:16:03',9,'数学',NULL),(238,203,5,83.00,1,'2025-11-26 16:16:03',9,'英语',NULL),(239,87,3,81.00,1,'2025-11-26 16:16:03',9,'语文',NULL),(240,87,4,97.00,1,'2025-11-26 16:16:03',9,'数学',NULL),(241,87,5,79.00,1,'2025-11-26 16:16:03',9,'英语',NULL),(242,88,3,85.00,1,'2025-11-26 16:16:03',10,'语文',NULL),(243,88,4,61.00,1,'2025-11-26 16:16:03',10,'数学',NULL),(244,88,5,93.00,1,'2025-11-26 16:16:03',10,'英语',NULL),(245,89,3,97.00,1,'2025-11-26 16:16:04',10,'语文',NULL),(246,89,4,72.00,1,'2025-11-26 16:16:04',10,'数学',NULL),(247,89,5,76.00,1,'2025-11-26 16:16:04',10,'英语',NULL),(248,90,3,92.00,1,'2025-11-26 16:16:04',10,'语文',NULL),(249,90,4,83.00,1,'2025-11-26 16:16:04',10,'数学',NULL),(250,90,5,80.00,1,'2025-11-26 16:16:04',10,'英语',NULL),(251,91,3,71.00,1,'2025-11-26 16:16:04',10,'语文',NULL),(252,91,4,71.00,1,'2025-11-26 16:16:04',10,'数学',NULL),(253,91,5,88.00,1,'2025-11-26 16:16:04',10,'英语',NULL),(254,92,3,97.00,1,'2025-11-26 16:16:04',10,'语文',NULL),(255,92,4,77.00,1,'2025-11-26 16:16:04',10,'数学',NULL),(256,92,5,99.00,1,'2025-11-26 16:16:04',10,'英语',NULL),(257,93,3,80.00,1,'2025-11-26 16:16:04',10,'语文',NULL),(258,93,4,62.00,1,'2025-11-26 16:16:04',10,'数学',NULL),(259,93,5,77.00,1,'2025-11-26 16:16:04',10,'英语',NULL),(260,94,3,62.00,1,'2025-11-26 16:16:04',10,'语文',NULL),(261,94,4,69.00,1,'2025-11-26 16:16:04',10,'数学',NULL),(262,94,5,78.00,1,'2025-11-26 16:16:04',10,'英语',NULL),(263,204,3,92.00,1,'2025-11-26 16:16:04',10,'语文',NULL),(264,204,4,100.00,1,'2025-11-26 16:16:04',10,'数学',NULL),(265,204,5,86.00,1,'2025-11-26 16:16:04',10,'英语',NULL),(266,205,3,92.00,1,'2025-11-26 16:16:04',10,'语文',NULL),(267,205,4,99.00,1,'2025-11-26 16:16:04',10,'数学',NULL),(268,205,5,97.00,1,'2025-11-26 16:16:04',10,'英语',NULL),(269,97,3,60.00,1,'2025-11-26 16:16:05',10,'语文',NULL),(270,97,4,73.00,1,'2025-11-26 16:16:05',10,'数学',NULL),(271,97,5,88.00,1,'2025-11-26 16:16:05',10,'英语',NULL),(272,98,3,63.00,1,'2025-11-26 16:16:05',11,'语文',NULL),(273,98,4,87.00,1,'2025-11-26 16:16:05',11,'数学',NULL),(274,98,5,79.00,1,'2025-11-26 16:16:05',11,'英语',NULL),(275,99,3,94.00,1,'2025-11-26 16:16:05',11,'语文',NULL),(276,99,4,85.00,1,'2025-11-26 16:16:05',11,'数学',NULL),(277,99,5,100.00,1,'2025-11-26 16:16:05',11,'英语',NULL),(278,100,3,88.00,1,'2025-11-26 16:16:05',11,'语文',NULL),(279,100,4,76.00,1,'2025-11-26 16:16:05',11,'数学',NULL),(280,100,5,65.00,1,'2025-11-26 16:16:05',11,'英语',NULL),(281,101,3,83.00,1,'2025-11-26 16:16:05',11,'语文',NULL),(282,101,4,91.00,1,'2025-11-26 16:16:05',11,'数学',NULL),(283,101,5,61.00,1,'2025-11-26 16:16:05',11,'英语',NULL),(284,102,3,69.00,1,'2025-11-26 16:16:05',11,'语文',NULL),(285,102,4,95.00,1,'2025-11-26 16:16:05',11,'数学',NULL),(286,102,5,62.00,1,'2025-11-26 16:16:05',11,'英语',NULL),(287,103,3,75.00,1,'2025-11-26 16:16:05',11,'语文',NULL),(288,103,4,79.00,1,'2025-11-26 16:16:05',11,'数学',NULL),(289,103,5,82.00,1,'2025-11-26 16:16:05',11,'英语',NULL),(290,104,3,64.00,1,'2025-11-26 16:16:05',11,'语文',NULL),(291,104,4,61.00,1,'2025-11-26 16:16:05',11,'数学',NULL),(292,104,5,64.00,1,'2025-11-26 16:16:05',11,'英语',NULL),(293,206,3,95.00,1,'2025-11-26 16:16:05',11,'语文',NULL),(294,206,4,87.00,1,'2025-11-26 16:16:06',11,'数学',NULL),(295,206,5,98.00,1,'2025-11-26 16:16:06',11,'英语',NULL),(296,207,3,98.00,1,'2025-11-26 16:16:06',11,'语文',NULL),(297,207,4,94.00,1,'2025-11-26 16:16:06',11,'数学',NULL),(298,207,5,97.00,1,'2025-11-26 16:16:06',11,'英语',NULL),(299,107,3,68.00,1,'2025-11-26 16:16:06',11,'语文',NULL),(300,107,4,81.00,1,'2025-11-26 16:16:06',11,'数学',NULL),(301,107,5,96.00,1,'2025-11-26 16:16:06',11,'英语',NULL),(302,108,3,89.00,1,'2025-11-26 16:16:06',12,'语文',NULL),(303,108,4,65.00,1,'2025-11-26 16:16:06',12,'数学',NULL),(304,108,5,72.00,1,'2025-11-26 16:16:06',12,'英语',NULL),(305,109,3,98.00,1,'2025-11-26 16:16:06',12,'语文',NULL),(306,109,4,67.00,1,'2025-11-26 16:16:06',12,'数学',NULL),(307,109,5,76.00,1,'2025-11-26 16:16:06',12,'英语',NULL),(308,110,3,60.00,1,'2025-11-26 16:16:06',12,'语文',NULL),(309,110,4,84.00,1,'2025-11-26 16:16:06',12,'数学',NULL),(310,110,5,86.00,1,'2025-11-26 16:16:06',12,'英语',NULL),(311,111,3,78.00,1,'2025-11-26 16:16:06',12,'语文',NULL),(312,111,4,96.00,1,'2025-11-26 16:16:06',12,'数学',NULL),(313,111,5,62.00,1,'2025-11-26 16:16:06',12,'英语',NULL),(314,112,3,89.00,1,'2025-11-26 16:16:06',12,'语文',NULL),(315,112,4,94.00,1,'2025-11-26 16:16:06',12,'数学',NULL),(316,112,5,99.00,1,'2025-11-26 16:16:06',12,'英语',NULL),(317,113,3,81.00,1,'2025-11-26 16:16:06',12,'语文',NULL),(318,113,4,86.00,1,'2025-11-26 16:16:06',12,'数学',NULL),(319,113,5,73.00,1,'2025-11-26 16:16:07',12,'英语',NULL),(320,114,3,74.00,1,'2025-11-26 16:16:07',12,'语文',NULL),(321,114,4,65.00,1,'2025-11-26 16:16:07',12,'数学',NULL),(322,114,5,82.00,1,'2025-11-26 16:16:07',12,'英语',NULL),(323,208,3,94.00,1,'2025-11-26 16:16:07',12,'语文',NULL),(324,208,4,86.00,1,'2025-11-26 16:16:07',12,'数学',NULL),(325,208,5,89.00,1,'2025-11-26 16:16:07',12,'英语',NULL),(326,209,3,68.00,1,'2025-11-26 16:16:07',12,'语文',NULL),(327,209,4,62.00,1,'2025-11-26 16:16:07',12,'数学',NULL),(328,209,5,68.00,1,'2025-11-26 16:16:07',12,'英语',NULL),(329,117,3,66.00,1,'2025-11-26 16:16:07',12,'语文',NULL),(330,117,4,66.00,1,'2025-11-26 16:16:07',12,'数学',NULL),(331,117,5,94.00,1,'2025-11-26 16:16:07',12,'英语',NULL),(332,118,3,97.00,1,'2025-11-26 16:16:07',13,'语文',NULL),(333,118,4,86.00,1,'2025-11-26 16:16:07',13,'数学',NULL),(334,118,5,88.00,1,'2025-11-26 16:16:07',13,'英语',NULL),(335,119,3,67.00,1,'2025-11-26 16:16:07',13,'语文',NULL),(336,119,4,88.00,1,'2025-11-26 16:16:07',13,'数学',NULL),(337,119,5,100.00,1,'2025-11-26 16:16:07',13,'英语',NULL),(338,120,3,95.00,1,'2025-11-26 16:16:07',13,'语文',NULL),(339,120,4,75.00,1,'2025-11-26 16:16:07',13,'数学',NULL),(340,120,5,85.00,1,'2025-11-26 16:16:07',13,'英语',NULL),(341,121,3,81.00,1,'2025-11-26 16:16:07',13,'语文',NULL),(342,121,4,89.00,1,'2025-11-26 16:16:07',13,'数学',NULL),(343,121,5,72.00,1,'2025-11-26 16:16:07',13,'英语',NULL),(344,122,3,75.00,1,'2025-11-26 16:16:08',13,'语文',NULL),(345,122,4,64.00,1,'2025-11-26 16:16:08',13,'数学',NULL),(346,122,5,82.00,1,'2025-11-26 16:16:08',13,'英语',NULL),(347,123,3,98.00,1,'2025-11-26 16:16:08',13,'语文',NULL),(348,123,4,68.00,1,'2025-11-26 16:16:08',13,'数学',NULL),(349,123,5,93.00,1,'2025-11-26 16:16:08',13,'英语',NULL),(350,124,3,72.00,1,'2025-11-26 16:16:08',13,'语文',NULL),(351,124,4,71.00,1,'2025-11-26 16:16:08',13,'数学',NULL),(352,124,5,93.00,1,'2025-11-26 16:16:08',13,'英语',NULL),(353,210,3,84.00,1,'2025-11-26 16:16:08',13,'语文',NULL),(354,210,4,94.00,1,'2025-11-26 16:16:08',13,'数学',NULL),(355,210,5,73.00,1,'2025-11-26 16:16:08',13,'英语',NULL),(356,211,3,89.00,1,'2025-11-26 16:16:08',13,'语文',NULL),(357,211,4,60.00,1,'2025-11-26 16:16:08',13,'数学',NULL),(358,211,5,72.00,1,'2025-11-26 16:16:08',13,'英语',NULL),(359,127,3,73.00,1,'2025-11-26 16:16:08',13,'语文',NULL),(360,127,4,91.00,1,'2025-11-26 16:16:08',13,'数学',NULL),(361,127,5,83.00,1,'2025-11-26 16:16:08',13,'英语',NULL),(362,128,3,60.00,1,'2025-11-26 16:16:08',14,'语文',NULL),(363,128,4,78.00,1,'2025-11-26 16:16:08',14,'数学',NULL),(364,128,5,77.00,1,'2025-11-26 16:16:08',14,'英语',NULL),(365,129,3,85.00,1,'2025-11-26 16:16:08',14,'语文',NULL),(366,129,4,99.00,1,'2025-11-26 16:16:09',14,'数学',NULL),(367,129,5,89.00,1,'2025-11-26 16:16:09',14,'英语',NULL),(368,130,3,73.00,1,'2025-11-26 16:16:09',14,'语文',NULL),(369,130,4,80.00,1,'2025-11-26 16:16:09',14,'数学',NULL),(370,130,5,87.00,1,'2025-11-26 16:16:09',14,'英语',NULL),(371,131,3,95.00,1,'2025-11-26 16:16:09',14,'语文',NULL),(372,131,4,77.00,1,'2025-11-26 16:16:09',14,'数学',NULL),(373,131,5,82.00,1,'2025-11-26 16:16:09',14,'英语',NULL),(374,132,3,85.00,1,'2025-11-26 16:16:09',14,'语文',NULL),(375,132,4,87.00,1,'2025-11-26 16:16:09',14,'数学',NULL),(376,132,5,91.00,1,'2025-11-26 16:16:09',14,'英语',NULL),(377,133,3,87.00,1,'2025-11-26 16:16:09',14,'语文',NULL),(378,133,4,90.00,1,'2025-11-26 16:16:09',14,'数学',NULL),(379,133,5,67.00,1,'2025-11-26 16:16:09',14,'英语',NULL),(380,134,3,88.00,1,'2025-11-26 16:16:09',14,'语文',NULL),(381,134,4,67.00,1,'2025-11-26 16:16:09',14,'数学',NULL),(382,134,5,88.00,1,'2025-11-26 16:16:09',14,'英语',NULL),(383,212,3,70.00,1,'2025-11-26 16:16:09',14,'语文',NULL),(384,212,4,77.00,1,'2025-11-26 16:16:09',14,'数学',NULL),(385,212,5,91.00,1,'2025-11-26 16:16:09',14,'英语',NULL),(386,213,3,89.00,1,'2025-11-26 16:16:09',14,'语文',NULL),(387,213,4,93.00,1,'2025-11-26 16:16:09',14,'数学',NULL),(388,213,5,89.00,1,'2025-11-26 16:16:10',14,'英语',NULL),(389,137,3,88.00,1,'2025-11-26 16:16:10',14,'语文',NULL),(390,137,4,66.00,1,'2025-11-26 16:16:10',14,'数学',NULL),(391,137,5,71.00,1,'2025-11-26 16:16:10',14,'英语',NULL),(392,138,3,70.00,1,'2025-11-26 16:16:10',15,'语文',NULL),(393,138,4,99.00,1,'2025-11-26 16:16:10',15,'数学',NULL),(394,138,5,72.00,1,'2025-11-26 16:16:10',15,'英语',NULL),(395,139,3,78.00,1,'2025-11-26 16:16:10',15,'语文',NULL),(396,139,4,75.00,1,'2025-11-26 16:16:10',15,'数学',NULL),(397,139,5,80.00,1,'2025-11-26 16:16:10',15,'英语',NULL),(398,140,3,94.00,1,'2025-11-26 16:16:10',15,'语文',NULL),(399,140,4,95.00,1,'2025-11-26 16:16:10',15,'数学',NULL),(400,140,5,62.00,1,'2025-11-26 16:16:10',15,'英语',NULL),(401,141,3,68.00,1,'2025-11-26 16:16:10',15,'语文',NULL),(402,141,4,73.00,1,'2025-11-26 16:16:10',15,'数学',NULL),(403,141,5,67.00,1,'2025-11-26 16:16:10',15,'英语',NULL),(404,142,3,87.00,1,'2025-11-26 16:16:10',15,'语文',NULL),(405,142,4,71.00,1,'2025-11-26 16:16:10',15,'数学',NULL),(406,142,5,80.00,1,'2025-11-26 16:16:10',15,'英语',NULL),(407,143,3,99.00,1,'2025-11-26 16:16:10',15,'语文',NULL),(408,143,4,66.00,1,'2025-11-26 16:16:10',15,'数学',NULL),(409,143,5,100.00,1,'2025-11-26 16:16:10',15,'英语',NULL),(410,144,3,78.00,1,'2025-11-26 16:16:10',15,'语文',NULL),(411,144,4,68.00,1,'2025-11-26 16:16:10',15,'数学',NULL),(412,144,5,96.00,1,'2025-11-26 16:16:10',15,'英语',NULL),(413,214,3,61.00,1,'2025-11-26 16:16:11',15,'语文',NULL),(414,214,4,93.00,1,'2025-11-26 16:16:11',15,'数学',NULL),(415,214,5,88.00,1,'2025-11-26 16:16:11',15,'英语',NULL),(416,215,3,78.00,1,'2025-11-26 16:16:11',15,'语文',NULL),(417,215,4,64.00,1,'2025-11-26 16:16:11',15,'数学',NULL),(418,215,5,71.00,1,'2025-11-26 16:16:11',15,'英语',NULL),(419,147,3,92.00,1,'2025-11-26 16:16:11',15,'语文',NULL),(420,147,4,65.00,1,'2025-11-26 16:16:11',15,'数学',NULL),(421,147,5,78.00,1,'2025-11-26 16:16:11',15,'英语',NULL),(422,148,3,92.00,1,'2025-11-26 16:16:11',16,'语文',NULL),(423,148,4,61.00,1,'2025-11-26 16:16:11',16,'数学',NULL),(424,148,5,72.00,1,'2025-11-26 16:16:11',16,'英语',NULL),(425,149,3,81.00,1,'2025-11-26 16:16:11',16,'语文',NULL),(426,149,4,69.00,1,'2025-11-26 16:16:11',16,'数学',NULL),(427,149,5,83.00,1,'2025-11-26 16:16:11',16,'英语',NULL),(428,150,3,84.00,1,'2025-11-26 16:16:11',16,'语文',NULL),(429,150,4,60.00,1,'2025-11-26 16:16:11',16,'数学',NULL),(430,150,5,96.00,1,'2025-11-26 16:16:11',16,'英语',NULL),(431,151,3,69.00,1,'2025-11-26 16:16:11',16,'语文',NULL),(432,151,4,100.00,1,'2025-11-26 16:16:11',16,'数学',NULL),(433,151,5,60.00,1,'2025-11-26 16:16:11',16,'英语',NULL),(434,152,3,63.00,1,'2025-11-26 16:16:11',16,'语文',NULL),(435,152,4,61.00,1,'2025-11-26 16:16:11',16,'数学',NULL),(436,152,5,86.00,1,'2025-11-26 16:16:11',16,'英语',NULL),(437,8,6,60.00,1,'2025-11-26 16:24:39',2,'道法',NULL),(438,8,7,68.00,1,'2025-11-26 16:24:39',2,'体育',NULL),(439,8,NULL,364.00,1,'2025-11-26 16:30:10',2,'总分',NULL),(440,9,6,73.00,1,'2025-11-26 16:24:39',2,'道法',NULL),(441,9,7,100.00,1,'2025-11-26 16:24:40',2,'体育',NULL),(442,9,NULL,405.00,1,'2025-11-26 16:30:10',2,'总分',NULL),(443,10,6,62.00,1,'2025-11-26 16:24:40',2,'道法',NULL),(444,10,7,92.00,1,'2025-11-26 16:24:40',2,'体育',NULL),(445,10,NULL,360.00,1,'2025-11-26 16:30:10',2,'总分',NULL),(446,11,6,69.00,1,'2025-11-26 16:24:40',2,'道法',NULL),(447,11,7,97.00,1,'2025-11-26 16:24:40',2,'体育',NULL),(448,11,NULL,430.00,1,'2025-11-26 16:30:10',2,'总分',NULL),(449,12,6,75.00,1,'2025-11-26 16:24:40',2,'道法',NULL),(450,12,7,91.00,1,'2025-11-26 16:24:41',2,'体育',NULL),(451,12,NULL,446.00,1,'2025-11-26 16:30:10',2,'总分',NULL),(452,13,6,100.00,1,'2025-11-26 16:24:41',2,'道法',NULL),(453,13,7,65.00,1,'2025-11-26 16:24:41',2,'体育',NULL),(454,13,NULL,398.00,1,'2025-11-26 16:30:10',2,'总分',NULL),(455,14,6,92.00,1,'2025-11-26 16:24:41',2,'道法',NULL),(456,14,7,75.00,1,'2025-11-26 16:24:41',2,'体育',NULL),(457,14,NULL,389.00,1,'2025-11-26 16:30:10',2,'总分',NULL),(458,15,3,77.00,1,'2025-11-26 16:24:41',2,'语文',NULL),(459,15,4,83.00,1,'2025-11-26 16:24:41',2,'数学',NULL),(460,15,5,67.00,1,'2025-11-26 16:24:41',2,'英语',NULL),(461,15,6,84.00,1,'2025-11-26 16:24:41',2,'道法',NULL),(462,15,7,63.00,1,'2025-11-26 16:24:41',2,'体育',NULL),(463,15,NULL,374.00,1,'2025-11-26 16:30:11',2,'总分',NULL),(464,17,6,80.00,1,'2025-11-26 16:24:41',2,'道法',NULL),(465,17,7,75.00,1,'2025-11-26 16:24:41',2,'体育',NULL),(466,17,NULL,381.00,1,'2025-11-26 16:30:11',2,'总分',NULL),(467,18,6,99.00,1,'2025-11-26 16:24:41',3,'道法',NULL),(468,18,7,89.00,1,'2025-11-26 16:24:42',3,'体育',NULL),(469,18,NULL,467.00,1,'2025-11-26 16:30:11',3,'总分',NULL),(470,19,6,61.00,1,'2025-11-26 16:24:42',3,'道法',NULL),(471,19,7,64.00,1,'2025-11-26 16:24:42',3,'体育',NULL),(472,19,NULL,311.00,1,'2025-11-26 16:30:11',3,'总分',NULL),(473,20,6,85.00,1,'2025-11-26 16:24:42',3,'道法',NULL),(474,20,7,98.00,1,'2025-11-26 16:24:42',3,'体育',NULL),(475,20,NULL,455.00,1,'2025-11-26 16:30:11',3,'总分',NULL),(476,21,6,100.00,1,'2025-11-26 16:24:42',3,'道法',NULL),(477,21,7,61.00,1,'2025-11-26 16:24:42',3,'体育',NULL),(478,21,NULL,416.00,1,'2025-11-26 16:30:11',3,'总分',NULL),(479,22,6,92.00,1,'2025-11-26 16:24:42',3,'道法',NULL),(480,22,7,90.00,1,'2025-11-26 16:24:42',3,'体育',NULL),(481,22,NULL,412.00,1,'2025-11-26 16:30:11',3,'总分',NULL),(482,23,6,94.00,1,'2025-11-26 16:24:42',3,'道法',NULL),(483,23,7,89.00,1,'2025-11-26 16:24:42',3,'体育',NULL),(484,23,NULL,437.00,1,'2025-11-26 16:30:11',3,'总分',NULL),(485,24,6,90.00,1,'2025-11-26 16:24:42',3,'道法',NULL),(486,24,7,63.00,1,'2025-11-26 16:24:43',3,'体育',NULL),(487,24,NULL,398.00,1,'2025-11-26 16:30:12',3,'总分',NULL),(488,25,3,95.00,1,'2025-11-26 16:24:43',3,'语文',NULL),(489,25,4,73.00,1,'2025-11-26 16:24:43',3,'数学',NULL),(490,25,5,83.00,1,'2025-11-26 16:24:43',3,'英语',NULL),(491,25,6,84.00,1,'2025-11-26 16:24:43',3,'道法',NULL),(492,25,7,81.00,1,'2025-11-26 16:24:43',3,'体育',NULL),(493,25,NULL,416.00,1,'2025-11-26 16:30:12',3,'总分',NULL),(494,27,6,70.00,1,'2025-11-26 16:24:43',3,'道法',NULL),(495,27,7,63.00,1,'2025-11-26 16:24:43',3,'体育',NULL),(496,27,NULL,368.00,1,'2025-11-26 16:30:12',3,'总分',NULL),(497,28,6,77.00,1,'2025-11-26 16:24:43',4,'道法',NULL),(498,28,7,95.00,1,'2025-11-26 16:24:43',4,'体育',NULL),(499,28,NULL,424.00,1,'2025-11-26 16:30:12',4,'总分',NULL),(500,29,6,62.00,1,'2025-11-26 16:24:43',4,'道法',NULL),(501,29,7,92.00,1,'2025-11-26 16:24:43',4,'体育',NULL),(502,29,NULL,405.00,1,'2025-11-26 16:30:12',4,'总分',NULL),(503,30,6,66.00,1,'2025-11-26 16:24:43',4,'道法',NULL),(504,30,7,65.00,1,'2025-11-26 16:24:43',4,'体育',NULL),(505,30,NULL,397.00,1,'2025-11-26 16:30:12',4,'总分',NULL),(506,31,6,78.00,1,'2025-11-26 16:24:43',4,'道法',NULL),(507,31,7,71.00,1,'2025-11-26 16:24:44',4,'体育',NULL),(508,31,NULL,410.00,1,'2025-11-26 16:30:12',4,'总分',NULL),(509,32,6,65.00,1,'2025-11-26 16:24:44',4,'道法',NULL),(510,32,7,64.00,1,'2025-11-26 16:24:44',4,'体育',NULL),(511,32,NULL,350.00,1,'2025-11-26 16:30:12',4,'总分',NULL),(512,33,6,76.00,1,'2025-11-26 16:24:44',4,'道法',NULL),(513,33,7,63.00,1,'2025-11-26 16:24:44',4,'体育',NULL),(514,33,NULL,387.00,1,'2025-11-26 16:30:13',4,'总分',NULL),(515,34,6,73.00,1,'2025-11-26 16:24:44',4,'道法',NULL),(516,34,7,84.00,1,'2025-11-26 16:24:44',4,'体育',NULL),(517,34,NULL,387.00,1,'2025-11-26 16:30:13',4,'总分',NULL),(518,35,3,96.00,1,'2025-11-26 16:24:44',4,'语文',NULL),(519,35,4,94.00,1,'2025-11-26 16:24:44',4,'数学',NULL),(520,35,5,80.00,1,'2025-11-26 16:24:44',4,'英语',NULL),(521,35,6,77.00,1,'2025-11-26 16:24:44',4,'道法',NULL),(522,35,7,64.00,1,'2025-11-26 16:24:44',4,'体育',NULL),(523,35,NULL,411.00,1,'2025-11-26 16:30:13',4,'总分',NULL),(524,37,6,82.00,1,'2025-11-26 16:24:44',4,'道法',NULL),(525,37,7,97.00,1,'2025-11-26 16:24:44',4,'体育',NULL),(526,37,NULL,447.00,1,'2025-11-26 16:30:13',4,'总分',NULL),(527,38,6,94.00,1,'2025-11-26 16:24:44',5,'道法',NULL),(528,38,7,94.00,1,'2025-11-26 16:24:45',5,'体育',NULL),(529,38,NULL,432.00,1,'2025-11-26 16:30:13',5,'总分',NULL),(530,39,6,73.00,1,'2025-11-26 16:24:45',5,'道法',NULL),(531,39,7,98.00,1,'2025-11-26 16:24:45',5,'体育',NULL),(532,39,NULL,433.00,1,'2025-11-26 16:30:13',5,'总分',NULL),(533,40,6,70.00,1,'2025-11-26 16:24:45',5,'道法',NULL),(534,40,7,87.00,1,'2025-11-26 16:24:45',5,'体育',NULL),(535,40,NULL,419.00,1,'2025-11-26 16:30:13',5,'总分',NULL),(536,41,6,85.00,1,'2025-11-26 16:24:45',5,'道法',NULL),(537,41,7,72.00,1,'2025-11-26 16:24:45',5,'体育',NULL),(538,41,NULL,401.00,1,'2025-11-26 16:30:13',5,'总分',NULL),(539,42,6,67.00,1,'2025-11-26 16:24:45',5,'道法',NULL),(540,42,7,88.00,1,'2025-11-26 16:24:45',5,'体育',NULL),(541,42,NULL,395.00,1,'2025-11-26 16:30:14',5,'总分',NULL),(542,43,6,84.00,1,'2025-11-26 16:24:45',5,'道法',NULL),(543,43,7,66.00,1,'2025-11-26 16:24:45',5,'体育',NULL),(544,43,NULL,414.00,1,'2025-11-26 16:30:14',5,'总分',NULL),(545,44,6,84.00,1,'2025-11-26 16:24:45',5,'道法',NULL),(546,44,7,72.00,1,'2025-11-26 16:24:45',5,'体育',NULL),(547,44,NULL,431.00,1,'2025-11-26 16:30:14',5,'总分',NULL),(548,45,3,97.00,1,'2025-11-26 16:24:46',5,'语文',NULL),(549,45,4,63.00,1,'2025-11-26 16:24:46',5,'数学',NULL),(550,45,5,98.00,1,'2025-11-26 16:24:46',5,'英语',NULL),(551,45,6,61.00,1,'2025-11-26 16:24:46',5,'道法',NULL),(552,45,7,90.00,1,'2025-11-26 16:24:46',5,'体育',NULL),(553,45,NULL,409.00,1,'2025-11-26 16:30:14',5,'总分',NULL),(554,47,6,98.00,1,'2025-11-26 16:24:46',5,'道法',NULL),(555,47,7,69.00,1,'2025-11-26 16:24:46',5,'体育',NULL),(556,47,NULL,441.00,1,'2025-11-26 16:30:14',5,'总分',NULL),(557,48,6,87.00,1,'2025-11-26 16:24:46',6,'道法',NULL),(558,48,7,99.00,1,'2025-11-26 16:24:46',6,'体育',NULL),(559,48,NULL,432.00,1,'2025-11-26 16:30:14',6,'总分',NULL),(560,49,6,98.00,1,'2025-11-26 16:24:46',6,'道法',NULL),(561,49,7,69.00,1,'2025-11-26 16:24:46',6,'体育',NULL),(562,49,NULL,419.00,1,'2025-11-26 16:30:14',6,'总分',NULL),(563,50,6,93.00,1,'2025-11-26 16:24:46',6,'道法',NULL),(564,50,7,82.00,1,'2025-11-26 16:24:46',6,'体育',NULL),(565,50,NULL,437.00,1,'2025-11-26 16:30:14',6,'总分',NULL),(566,51,6,92.00,1,'2025-11-26 16:24:46',6,'道法',NULL),(567,51,7,75.00,1,'2025-11-26 16:24:47',6,'体育',NULL),(568,51,NULL,410.00,1,'2025-11-26 16:30:15',6,'总分',NULL),(569,52,6,67.00,1,'2025-11-26 16:24:47',6,'道法',NULL),(570,52,7,91.00,1,'2025-11-26 16:24:47',6,'体育',NULL),(571,52,NULL,405.00,1,'2025-11-26 16:30:15',6,'总分',NULL),(572,53,6,91.00,1,'2025-11-26 16:24:47',6,'道法',NULL),(573,53,7,72.00,1,'2025-11-26 16:24:47',6,'体育',NULL),(574,53,NULL,423.00,1,'2025-11-26 16:30:15',6,'总分',NULL),(575,54,6,100.00,1,'2025-11-26 16:24:47',6,'道法',NULL),(576,54,7,94.00,1,'2025-11-26 16:24:47',6,'体育',NULL),(577,54,NULL,412.00,1,'2025-11-26 16:30:15',6,'总分',NULL),(578,55,3,83.00,1,'2025-11-26 16:24:47',6,'语文',NULL),(579,55,4,95.00,1,'2025-11-26 16:24:47',6,'数学',NULL),(580,55,5,96.00,1,'2025-11-26 16:24:47',6,'英语',NULL),(581,55,6,79.00,1,'2025-11-26 16:24:47',6,'道法',NULL),(582,55,7,80.00,1,'2025-11-26 16:24:47',6,'体育',NULL),(583,55,NULL,433.00,1,'2025-11-26 16:30:15',6,'总分',NULL),(584,57,6,68.00,1,'2025-11-26 16:24:47',6,'道法',NULL),(585,57,7,84.00,1,'2025-11-26 16:24:47',6,'体育',NULL),(586,57,NULL,414.00,1,'2025-11-26 16:30:15',6,'总分',NULL),(587,58,6,99.00,1,'2025-11-26 16:24:47',7,'道法',NULL),(588,58,7,80.00,1,'2025-11-26 16:24:48',7,'体育',NULL),(589,58,NULL,466.00,1,'2025-11-26 16:30:15',7,'总分',NULL),(590,59,6,67.00,1,'2025-11-26 16:24:48',7,'道法',NULL),(591,59,7,60.00,1,'2025-11-26 16:24:48',7,'体育',NULL),(592,59,NULL,392.00,1,'2025-11-26 16:30:16',7,'总分',NULL),(593,60,6,99.00,1,'2025-11-26 16:24:48',7,'道法',NULL),(594,60,7,84.00,1,'2025-11-26 16:24:48',7,'体育',NULL),(595,60,NULL,449.00,1,'2025-11-26 16:30:16',7,'总分',NULL),(596,61,6,95.00,1,'2025-11-26 16:24:48',7,'道法',NULL),(597,61,7,73.00,1,'2025-11-26 16:24:48',7,'体育',NULL),(598,61,NULL,394.00,1,'2025-11-26 16:30:16',7,'总分',NULL),(599,62,6,96.00,1,'2025-11-26 16:24:48',7,'道法',NULL),(600,62,7,98.00,1,'2025-11-26 16:24:48',7,'体育',NULL),(601,62,NULL,408.00,1,'2025-11-26 16:30:16',7,'总分',NULL),(602,63,6,99.00,1,'2025-11-26 16:24:48',7,'道法',NULL),(603,63,7,87.00,1,'2025-11-26 16:24:48',7,'体育',NULL),(604,63,NULL,393.00,1,'2025-11-26 16:30:17',7,'总分',NULL),(605,64,6,65.00,1,'2025-11-26 16:24:48',7,'道法',NULL),(606,64,7,100.00,1,'2025-11-26 16:24:48',7,'体育',NULL),(607,64,NULL,389.00,1,'2025-11-26 16:30:17',7,'总分',NULL),(608,65,3,63.00,1,'2025-11-26 16:24:49',7,'语文',NULL),(609,65,4,62.00,1,'2025-11-26 16:24:49',7,'数学',NULL),(610,65,5,69.00,1,'2025-11-26 16:24:49',7,'英语',NULL),(611,65,6,99.00,1,'2025-11-26 16:24:49',7,'道法',NULL),(612,65,7,95.00,1,'2025-11-26 16:24:49',7,'体育',NULL),(613,65,NULL,388.00,1,'2025-11-26 16:30:17',7,'总分',NULL),(614,67,6,93.00,1,'2025-11-26 16:24:49',7,'道法',NULL),(615,67,7,95.00,1,'2025-11-26 16:24:49',7,'体育',NULL),(616,67,NULL,414.00,1,'2025-11-26 16:30:17',7,'总分',NULL),(617,68,6,65.00,1,'2025-11-26 16:24:49',8,'道法',NULL),(618,68,7,75.00,1,'2025-11-26 16:24:49',8,'体育',NULL),(619,68,NULL,400.00,1,'2025-11-26 16:30:17',8,'总分',NULL),(620,69,6,90.00,1,'2025-11-26 16:24:49',8,'道法',NULL),(621,69,7,65.00,1,'2025-11-26 16:24:49',8,'体育',NULL),(622,69,NULL,402.00,1,'2025-11-26 16:30:17',8,'总分',NULL),(623,70,6,97.00,1,'2025-11-26 16:24:49',8,'道法',NULL),(624,70,7,72.00,1,'2025-11-26 16:24:49',8,'体育',NULL),(625,70,NULL,366.00,1,'2025-11-26 16:30:18',8,'总分',NULL),(626,71,6,70.00,1,'2025-11-26 16:24:49',8,'道法',NULL),(627,71,7,85.00,1,'2025-11-26 16:24:49',8,'体育',NULL),(628,71,NULL,415.00,1,'2025-11-26 16:30:18',8,'总分',NULL),(629,72,6,73.00,1,'2025-11-26 16:24:50',8,'道法',NULL),(630,72,7,99.00,1,'2025-11-26 16:24:50',8,'体育',NULL),(631,72,NULL,404.00,1,'2025-11-26 16:30:18',8,'总分',NULL),(632,73,6,62.00,1,'2025-11-26 16:24:50',8,'道法',NULL),(633,73,7,91.00,1,'2025-11-26 16:24:50',8,'体育',NULL),(634,73,NULL,420.00,1,'2025-11-26 16:30:18',8,'总分',NULL),(635,74,6,82.00,1,'2025-11-26 16:24:50',8,'道法',NULL),(636,74,7,78.00,1,'2025-11-26 16:24:50',8,'体育',NULL),(637,74,NULL,393.00,1,'2025-11-26 16:30:18',8,'总分',NULL),(638,75,3,86.00,1,'2025-11-26 16:24:50',8,'语文',NULL),(639,75,4,73.00,1,'2025-11-26 16:24:50',8,'数学',NULL),(640,75,5,76.00,1,'2025-11-26 16:24:50',8,'英语',NULL),(641,75,6,84.00,1,'2025-11-26 16:24:50',8,'道法',NULL),(642,75,7,85.00,1,'2025-11-26 16:24:50',8,'体育',NULL),(643,75,NULL,404.00,1,'2025-11-26 16:30:18',8,'总分',NULL),(644,77,6,88.00,1,'2025-11-26 16:24:50',8,'道法',NULL),(645,77,7,66.00,1,'2025-11-26 16:24:50',8,'体育',NULL),(646,77,NULL,373.00,1,'2025-11-26 16:30:18',8,'总分',NULL),(647,78,6,79.00,1,'2025-11-26 16:24:50',9,'道法',NULL),(648,78,7,60.00,1,'2025-11-26 16:24:51',9,'体育',NULL),(649,78,NULL,389.00,1,'2025-11-26 16:30:18',9,'总分',NULL),(650,79,6,61.00,1,'2025-11-26 16:24:51',9,'道法',NULL),(651,79,7,100.00,1,'2025-11-26 16:24:51',9,'体育',NULL),(652,79,NULL,400.00,1,'2025-11-26 16:30:19',9,'总分',NULL),(653,80,6,91.00,1,'2025-11-26 16:24:51',9,'道法',NULL),(654,80,7,90.00,1,'2025-11-26 16:24:51',9,'体育',NULL),(655,80,NULL,448.00,1,'2025-11-26 16:30:19',9,'总分',NULL),(656,81,6,73.00,1,'2025-11-26 16:24:51',9,'道法',NULL),(657,81,7,79.00,1,'2025-11-26 16:24:51',9,'体育',NULL),(658,81,NULL,390.00,1,'2025-11-26 16:30:19',9,'总分',NULL),(659,82,6,96.00,1,'2025-11-26 16:24:51',9,'道法',NULL),(660,82,7,67.00,1,'2025-11-26 16:24:51',9,'体育',NULL),(661,82,NULL,388.00,1,'2025-11-26 16:30:19',9,'总分',NULL),(662,83,6,92.00,1,'2025-11-26 16:24:51',9,'道法',NULL),(663,83,7,68.00,1,'2025-11-26 16:24:51',9,'体育',NULL),(664,83,NULL,425.00,1,'2025-11-26 16:30:19',9,'总分',NULL),(665,84,6,64.00,1,'2025-11-26 16:24:51',9,'道法',NULL),(666,84,7,85.00,1,'2025-11-26 16:24:51',9,'体育',NULL),(667,84,NULL,412.00,1,'2025-11-26 16:30:19',9,'总分',NULL),(668,85,3,83.00,1,'2025-11-26 16:24:52',9,'语文',NULL),(669,85,4,68.00,1,'2025-11-26 16:24:52',9,'数学',NULL),(670,85,5,73.00,1,'2025-11-26 16:24:52',9,'英语',NULL),(671,85,6,61.00,1,'2025-11-26 16:24:52',9,'道法',NULL),(672,85,7,77.00,1,'2025-11-26 16:24:52',9,'体育',NULL),(673,85,NULL,362.00,1,'2025-11-26 16:30:19',9,'总分',NULL),(674,87,6,67.00,1,'2025-11-26 16:24:52',9,'道法',NULL),(675,87,7,74.00,1,'2025-11-26 16:24:52',9,'体育',NULL),(676,87,NULL,398.00,1,'2025-11-26 16:30:19',9,'总分',NULL),(677,88,6,61.00,1,'2025-11-26 16:24:52',10,'道法',NULL),(678,88,7,69.00,1,'2025-11-26 16:24:52',10,'体育',NULL),(679,88,NULL,369.00,1,'2025-11-26 16:30:20',10,'总分',NULL),(680,89,6,76.00,1,'2025-11-26 16:24:52',10,'道法',NULL),(681,89,7,81.00,1,'2025-11-26 16:24:52',10,'体育',NULL),(682,89,NULL,402.00,1,'2025-11-26 16:30:20',10,'总分',NULL),(683,90,6,83.00,1,'2025-11-26 16:24:52',10,'道法',NULL),(684,90,7,64.00,1,'2025-11-26 16:24:52',10,'体育',NULL),(685,90,NULL,402.00,1,'2025-11-26 16:30:20',10,'总分',NULL),(686,91,6,88.00,1,'2025-11-26 16:24:52',10,'道法',NULL),(687,91,7,88.00,1,'2025-11-26 16:24:52',10,'体育',NULL),(688,91,NULL,406.00,1,'2025-11-26 16:30:20',10,'总分',NULL),(689,92,6,63.00,1,'2025-11-26 16:24:53',10,'道法',NULL),(690,92,7,92.00,1,'2025-11-26 16:24:53',10,'体育',NULL),(691,92,NULL,428.00,1,'2025-11-26 16:30:20',10,'总分',NULL),(692,93,6,82.00,1,'2025-11-26 16:24:53',10,'道法',NULL),(693,93,7,74.00,1,'2025-11-26 16:24:53',10,'体育',NULL),(694,93,NULL,375.00,1,'2025-11-26 16:30:20',10,'总分',NULL),(695,94,6,67.00,1,'2025-11-26 16:24:53',10,'道法',NULL),(696,94,7,71.00,1,'2025-11-26 16:24:53',10,'体育',NULL),(697,94,NULL,347.00,1,'2025-11-26 16:30:20',10,'总分',NULL),(698,95,3,93.00,1,'2025-11-26 16:24:53',10,'语文',NULL),(699,95,4,91.00,1,'2025-11-26 16:24:53',10,'数学',NULL),(700,95,5,71.00,1,'2025-11-26 16:24:53',10,'英语',NULL),(701,95,6,77.00,1,'2025-11-26 16:24:53',10,'道法',NULL),(702,95,7,88.00,1,'2025-11-26 16:24:53',10,'体育',NULL),(703,95,NULL,420.00,1,'2025-11-26 16:30:20',10,'总分',NULL),(704,97,6,71.00,1,'2025-11-26 16:30:20',10,'道法',NULL),(705,97,7,66.00,1,'2025-11-26 16:30:21',10,'体育',NULL),(706,97,NULL,358.00,1,'2025-11-26 16:30:21',10,'总分',NULL),(707,98,6,88.00,1,'2025-11-26 16:30:21',11,'道法',NULL),(708,98,7,89.00,1,'2025-11-26 16:30:21',11,'体育',NULL),(709,98,NULL,406.00,1,'2025-11-26 16:30:21',11,'总分',NULL),(710,99,6,64.00,1,'2025-11-26 16:30:21',11,'道法',NULL),(711,99,7,99.00,1,'2025-11-26 16:30:21',11,'体育',NULL),(712,99,NULL,442.00,1,'2025-11-26 16:30:21',11,'总分',NULL),(713,100,6,86.00,1,'2025-11-26 16:30:21',11,'道法',NULL),(714,100,7,96.00,1,'2025-11-26 16:30:21',11,'体育',NULL),(715,100,NULL,411.00,1,'2025-11-26 16:30:21',11,'总分',NULL),(716,101,6,98.00,1,'2025-11-26 16:30:21',11,'道法',NULL),(717,101,7,68.00,1,'2025-11-26 16:30:21',11,'体育',NULL),(718,101,NULL,401.00,1,'2025-11-26 16:30:21',11,'总分',NULL),(719,102,6,84.00,1,'2025-11-26 16:30:21',11,'道法',NULL),(720,102,7,61.00,1,'2025-11-26 16:30:21',11,'体育',NULL),(721,102,NULL,371.00,1,'2025-11-26 16:30:21',11,'总分',NULL),(722,103,6,80.00,1,'2025-11-26 16:30:21',11,'道法',NULL),(723,103,7,90.00,1,'2025-11-26 16:30:21',11,'体育',NULL),(724,103,NULL,406.00,1,'2025-11-26 16:30:21',11,'总分',NULL),(725,104,6,89.00,1,'2025-11-26 16:30:22',11,'道法',NULL),(726,104,7,69.00,1,'2025-11-26 16:30:22',11,'体育',NULL),(727,104,NULL,347.00,1,'2025-11-26 16:30:22',11,'总分',NULL),(728,105,3,77.00,1,'2025-11-26 16:30:22',11,'语文',NULL),(729,105,4,63.00,1,'2025-11-26 16:30:22',11,'数学',NULL),(730,105,5,79.00,1,'2025-11-26 16:30:22',11,'英语',NULL),(731,105,6,68.00,1,'2025-11-26 16:30:22',11,'道法',NULL),(732,105,7,61.00,1,'2025-11-26 16:30:22',11,'体育',NULL),(733,105,NULL,348.00,1,'2025-11-26 16:30:22',11,'总分',NULL),(734,107,6,69.00,1,'2025-11-26 16:30:22',11,'道法',NULL),(735,107,7,65.00,1,'2025-11-26 16:30:22',11,'体育',NULL),(736,107,NULL,379.00,1,'2025-11-26 16:30:22',11,'总分',NULL),(737,108,6,90.00,1,'2025-11-26 16:30:22',12,'道法',NULL),(738,108,7,71.00,1,'2025-11-26 16:30:22',12,'体育',NULL),(739,108,NULL,387.00,1,'2025-11-26 16:30:22',12,'总分',NULL),(740,109,6,93.00,1,'2025-11-26 16:30:22',12,'道法',NULL),(741,109,7,86.00,1,'2025-11-26 16:30:22',12,'体育',NULL),(742,109,NULL,420.00,1,'2025-11-26 16:30:22',12,'总分',NULL),(743,110,6,98.00,1,'2025-11-26 16:30:22',12,'道法',NULL),(744,110,7,73.00,1,'2025-11-26 16:30:22',12,'体育',NULL),(745,110,NULL,401.00,1,'2025-11-26 16:30:22',12,'总分',NULL),(746,111,6,95.00,1,'2025-11-26 16:30:23',12,'道法',NULL),(747,111,7,61.00,1,'2025-11-26 16:30:23',12,'体育',NULL),(748,111,NULL,392.00,1,'2025-11-26 16:30:23',12,'总分',NULL),(749,112,6,91.00,1,'2025-11-26 16:30:23',12,'道法',NULL),(750,112,7,79.00,1,'2025-11-26 16:30:23',12,'体育',NULL),(751,112,NULL,452.00,1,'2025-11-26 16:30:23',12,'总分',NULL),(752,113,6,73.00,1,'2025-11-26 16:30:23',12,'道法',NULL),(753,113,7,65.00,1,'2025-11-26 16:30:23',12,'体育',NULL),(754,113,NULL,378.00,1,'2025-11-26 16:30:23',12,'总分',NULL),(755,114,6,63.00,1,'2025-11-26 16:30:23',12,'道法',NULL),(756,114,7,96.00,1,'2025-11-26 16:30:23',12,'体育',NULL),(757,114,NULL,380.00,1,'2025-11-26 16:30:23',12,'总分',NULL),(758,115,3,84.00,1,'2025-11-26 16:30:23',12,'语文',NULL),(759,115,4,61.00,1,'2025-11-26 16:30:23',12,'数学',NULL),(760,115,5,84.00,1,'2025-11-26 16:30:23',12,'英语',NULL),(761,115,6,70.00,1,'2025-11-26 16:30:23',12,'道法',NULL),(762,115,7,88.00,1,'2025-11-26 16:30:23',12,'体育',NULL),(763,115,NULL,387.00,1,'2025-11-26 16:30:23',12,'总分',NULL),(764,117,6,82.00,1,'2025-11-26 16:30:23',12,'道法',NULL),(765,117,7,75.00,1,'2025-11-26 16:30:23',12,'体育',NULL),(766,117,NULL,383.00,1,'2025-11-26 16:30:23',12,'总分',NULL),(767,118,6,86.00,1,'2025-11-26 16:30:24',13,'道法',NULL),(768,118,7,62.00,1,'2025-11-26 16:30:24',13,'体育',NULL),(769,118,NULL,419.00,1,'2025-11-26 16:30:24',13,'总分',NULL),(770,119,6,64.00,1,'2025-11-26 16:30:24',13,'道法',NULL),(771,119,7,64.00,1,'2025-11-26 16:30:24',13,'体育',NULL),(772,119,NULL,383.00,1,'2025-11-26 16:30:24',13,'总分',NULL),(773,120,6,88.00,1,'2025-11-26 16:30:24',13,'道法',NULL),(774,120,7,85.00,1,'2025-11-26 16:30:24',13,'体育',NULL),(775,120,NULL,428.00,1,'2025-11-26 16:30:24',13,'总分',NULL),(776,121,6,72.00,1,'2025-11-26 16:30:24',13,'道法',NULL),(777,121,7,95.00,1,'2025-11-26 16:30:24',13,'体育',NULL),(778,121,NULL,409.00,1,'2025-11-26 16:30:24',13,'总分',NULL),(779,122,6,67.00,1,'2025-11-26 16:30:24',13,'道法',NULL),(780,122,7,63.00,1,'2025-11-26 16:30:24',13,'体育',NULL),(781,122,NULL,351.00,1,'2025-11-26 16:30:24',13,'总分',NULL),(782,123,6,97.00,1,'2025-11-26 16:30:24',13,'道法',NULL),(783,123,7,64.00,1,'2025-11-26 16:30:24',13,'体育',NULL),(784,123,NULL,420.00,1,'2025-11-26 16:30:24',13,'总分',NULL),(785,124,6,83.00,1,'2025-11-26 16:30:24',13,'道法',NULL),(786,124,7,64.00,1,'2025-11-26 16:30:24',13,'体育',NULL),(787,124,NULL,383.00,1,'2025-11-26 16:30:25',13,'总分',NULL),(788,125,3,96.00,1,'2025-11-26 16:30:25',13,'语文',NULL),(789,125,4,60.00,1,'2025-11-26 16:30:25',13,'数学',NULL),(790,125,5,100.00,1,'2025-11-26 16:30:25',13,'英语',NULL),(791,125,6,91.00,1,'2025-11-26 16:30:25',13,'道法',NULL),(792,125,7,97.00,1,'2025-11-26 16:30:25',13,'体育',NULL),(793,125,NULL,444.00,1,'2025-11-26 16:30:25',13,'总分',NULL),(794,127,6,90.00,1,'2025-11-26 16:30:25',13,'道法',NULL),(795,127,7,80.00,1,'2025-11-26 16:30:25',13,'体育',NULL),(796,127,NULL,417.00,1,'2025-11-26 16:30:25',13,'总分',NULL),(797,128,6,81.00,1,'2025-11-26 16:30:25',14,'道法',NULL),(798,128,7,96.00,1,'2025-11-26 16:30:25',14,'体育',NULL),(799,128,NULL,392.00,1,'2025-11-26 16:30:25',14,'总分',NULL),(800,129,6,83.00,1,'2025-11-26 16:30:25',14,'道法',NULL),(801,129,7,78.00,1,'2025-11-26 16:30:25',14,'体育',NULL),(802,129,NULL,434.00,1,'2025-11-26 16:30:25',14,'总分',NULL),(803,130,6,86.00,1,'2025-11-26 16:30:25',14,'道法',NULL),(804,130,7,82.00,1,'2025-11-26 16:30:25',14,'体育',NULL),(805,130,NULL,408.00,1,'2025-11-26 16:30:25',14,'总分',NULL),(806,131,6,72.00,1,'2025-11-26 16:30:25',14,'道法',NULL),(807,131,7,93.00,1,'2025-11-26 16:30:25',14,'体育',NULL),(808,131,NULL,419.00,1,'2025-11-26 16:30:26',14,'总分',NULL),(809,132,6,89.00,1,'2025-11-26 16:30:26',14,'道法',NULL),(810,132,7,85.00,1,'2025-11-26 16:30:26',14,'体育',NULL),(811,132,NULL,437.00,1,'2025-11-26 16:30:26',14,'总分',NULL),(812,133,6,72.00,1,'2025-11-26 16:30:26',14,'道法',NULL),(813,133,7,75.00,1,'2025-11-26 16:30:26',14,'体育',NULL),(814,133,NULL,391.00,1,'2025-11-26 16:30:26',14,'总分',NULL),(815,134,6,97.00,1,'2025-11-26 16:30:26',14,'道法',NULL),(816,134,7,95.00,1,'2025-11-26 16:30:26',14,'体育',NULL),(817,134,NULL,435.00,1,'2025-11-26 16:30:26',14,'总分',NULL),(818,135,3,100.00,1,'2025-11-26 16:30:26',14,'语文',NULL),(819,135,4,92.00,1,'2025-11-26 16:30:26',14,'数学',NULL),(820,135,5,63.00,1,'2025-11-26 16:30:26',14,'英语',NULL),(821,135,6,88.00,1,'2025-11-26 16:30:26',14,'道法',NULL),(822,135,7,100.00,1,'2025-11-26 16:30:26',14,'体育',NULL),(823,135,NULL,443.00,1,'2025-11-26 16:30:26',14,'总分',NULL),(824,137,6,81.00,1,'2025-11-26 16:30:26',14,'道法',NULL),(825,137,7,97.00,1,'2025-11-26 16:30:26',14,'体育',NULL),(826,137,NULL,403.00,1,'2025-11-26 16:30:26',14,'总分',NULL),(827,138,6,63.00,1,'2025-11-26 16:30:26',15,'道法',NULL),(828,138,7,89.00,1,'2025-11-26 16:30:26',15,'体育',NULL),(829,138,NULL,393.00,1,'2025-11-26 16:30:26',15,'总分',NULL),(830,139,6,83.00,1,'2025-11-26 16:30:27',15,'道法',NULL),(831,139,7,73.00,1,'2025-11-26 16:30:27',15,'体育',NULL),(832,139,NULL,389.00,1,'2025-11-26 16:30:27',15,'总分',NULL),(833,140,6,100.00,1,'2025-11-26 16:30:27',15,'道法',NULL),(834,140,7,95.00,1,'2025-11-26 16:30:27',15,'体育',NULL),(835,140,NULL,446.00,1,'2025-11-26 16:30:27',15,'总分',NULL),(836,141,6,62.00,1,'2025-11-26 16:30:27',15,'道法',NULL),(837,141,7,90.00,1,'2025-11-26 16:30:27',15,'体育',NULL),(838,141,NULL,360.00,1,'2025-11-26 16:30:27',15,'总分',NULL),(839,142,6,88.00,1,'2025-11-26 16:30:27',15,'道法',NULL),(840,142,7,84.00,1,'2025-11-26 16:30:27',15,'体育',NULL),(841,142,NULL,410.00,1,'2025-11-26 16:30:27',15,'总分',NULL),(842,143,6,65.00,1,'2025-11-26 16:30:27',15,'道法',NULL),(843,143,7,95.00,1,'2025-11-26 16:30:27',15,'体育',NULL),(844,143,NULL,425.00,1,'2025-11-26 16:30:27',15,'总分',NULL),(845,144,6,96.00,1,'2025-11-26 16:30:27',15,'道法',NULL),(846,144,7,77.00,1,'2025-11-26 16:30:27',15,'体育',NULL),(847,144,NULL,415.00,1,'2025-11-26 16:30:27',15,'总分',NULL),(848,145,3,84.00,1,'2025-11-26 16:30:27',15,'语文',NULL),(849,145,4,79.00,1,'2025-11-26 16:30:27',15,'数学',NULL),(850,145,5,64.00,1,'2025-11-26 16:30:28',15,'英语',NULL),(851,145,6,77.00,1,'2025-11-26 16:30:28',15,'道法',NULL),(852,145,7,94.00,1,'2025-11-26 16:30:28',15,'体育',NULL),(853,145,NULL,398.00,1,'2025-11-26 16:30:28',15,'总分',NULL),(854,147,6,94.00,1,'2025-11-26 16:30:28',15,'道法',NULL),(855,147,7,83.00,1,'2025-11-26 16:30:28',15,'体育',NULL),(856,147,NULL,412.00,1,'2025-11-26 16:30:28',15,'总分',NULL),(857,148,6,92.00,1,'2025-11-26 16:30:28',16,'道法',NULL),(858,148,7,65.00,1,'2025-11-26 16:30:28',16,'体育',NULL),(859,148,NULL,382.00,1,'2025-11-26 16:30:28',16,'总分',NULL),(860,149,6,86.00,1,'2025-11-26 16:30:28',16,'道法',NULL),(861,149,7,71.00,1,'2025-11-26 16:30:28',16,'体育',NULL),(862,149,NULL,390.00,1,'2025-11-26 16:30:28',16,'总分',NULL),(863,150,6,76.00,1,'2025-11-26 16:30:28',16,'道法',NULL),(864,150,7,98.00,1,'2025-11-26 16:30:28',16,'体育',NULL),(865,150,NULL,414.00,1,'2025-11-26 16:30:28',16,'总分',NULL),(866,151,6,80.00,1,'2025-11-26 16:30:28',16,'道法',NULL),(867,151,7,90.00,1,'2025-11-26 16:30:28',16,'体育',NULL),(868,151,NULL,399.00,1,'2025-11-26 16:30:28',16,'总分',NULL),(869,152,6,74.00,1,'2025-11-26 16:30:29',16,'道法',NULL),(870,152,7,61.00,1,'2025-11-26 16:30:29',16,'体育',NULL),(871,152,NULL,345.00,1,'2025-11-26 16:30:29',16,'总分',NULL),(872,153,3,97.00,1,'2025-11-26 16:30:29',16,'语文',NULL),(873,153,4,96.00,1,'2025-11-26 16:30:29',16,'数学',NULL),(874,153,5,70.00,1,'2025-11-26 16:30:29',16,'英语',NULL),(875,153,6,99.00,1,'2025-11-26 16:30:29',16,'道法',NULL),(876,153,7,100.00,1,'2025-11-26 16:30:29',16,'体育',NULL),(877,153,NULL,462.00,1,'2025-11-26 16:30:29',16,'总分',NULL),(878,154,3,100.00,1,'2025-11-26 16:30:29',16,'语文',NULL),(879,154,4,61.00,1,'2025-11-26 16:30:29',16,'数学',NULL),(880,154,5,88.00,1,'2025-11-26 16:30:29',16,'英语',NULL),(881,154,6,87.00,1,'2025-11-26 16:30:29',16,'道法',NULL),(882,154,7,66.00,1,'2025-11-26 16:30:29',16,'体育',NULL),(883,154,NULL,402.00,1,'2025-11-26 16:30:29',16,'总分',NULL),(884,155,3,80.00,1,'2025-11-26 16:30:29',16,'语文',NULL),(885,155,4,97.00,1,'2025-11-26 16:30:29',16,'数学',NULL),(886,155,5,71.00,1,'2025-11-26 16:30:29',16,'英语',NULL),(887,155,6,80.00,1,'2025-11-26 16:30:29',16,'道法',NULL),(888,155,7,100.00,1,'2025-11-26 16:30:29',16,'体育',NULL),(889,155,NULL,428.00,1,'2025-11-26 16:30:29',16,'总分',NULL),(890,157,3,62.00,1,'2025-11-26 16:30:29',16,'语文',NULL),(891,157,4,74.00,1,'2025-11-26 16:30:29',16,'数学',NULL),(892,157,5,69.00,1,'2025-11-26 16:30:29',16,'英语',NULL),(893,157,6,69.00,1,'2025-11-26 16:30:29',16,'道法',NULL),(894,157,7,75.00,1,'2025-11-26 16:30:29',16,'体育',NULL),(895,157,NULL,349.00,1,'2025-11-26 16:30:29',16,'总分',NULL),(896,158,3,69.00,1,'2025-11-26 16:30:29',17,'语文',NULL),(897,158,4,69.00,1,'2025-11-26 16:30:29',17,'数学',NULL),(898,158,5,83.00,1,'2025-11-26 16:30:29',17,'英语',NULL),(899,158,6,85.00,1,'2025-11-26 16:30:29',17,'道法',NULL),(900,158,7,95.00,1,'2025-11-26 16:30:30',17,'体育',NULL),(901,158,NULL,401.00,1,'2025-11-26 16:30:30',17,'总分',NULL),(902,159,3,75.00,1,'2025-11-26 16:30:30',17,'语文',NULL),(903,159,4,76.00,1,'2025-11-26 16:30:30',17,'数学',NULL),(904,159,5,81.00,1,'2025-11-26 16:30:30',17,'英语',NULL),(905,159,6,68.00,1,'2025-11-26 16:30:30',17,'道法',NULL),(906,159,7,71.00,1,'2025-11-26 16:30:30',17,'体育',NULL),(907,159,NULL,371.00,1,'2025-11-26 16:30:30',17,'总分',NULL),(908,160,3,93.00,1,'2025-11-26 16:30:30',17,'语文',NULL),(909,160,4,98.00,1,'2025-11-26 16:30:30',17,'数学',NULL),(910,160,5,99.00,1,'2025-11-26 16:30:30',17,'英语',NULL),(911,160,6,65.00,1,'2025-11-26 16:30:30',17,'道法',NULL),(912,160,7,70.00,1,'2025-11-26 16:30:30',17,'体育',NULL),(913,160,NULL,425.00,1,'2025-11-26 16:30:30',17,'总分',NULL),(914,161,3,84.00,1,'2025-11-26 16:30:30',17,'语文',NULL),(915,161,4,60.00,1,'2025-11-26 16:30:30',17,'数学',NULL),(916,161,5,85.00,1,'2025-11-26 16:30:30',17,'英语',NULL),(917,161,6,64.00,1,'2025-11-26 16:30:30',17,'道法',NULL),(918,161,7,84.00,1,'2025-11-26 16:30:30',17,'体育',NULL),(919,161,NULL,377.00,1,'2025-11-26 16:30:30',17,'总分',NULL),(920,162,3,79.00,1,'2025-11-26 16:30:30',17,'语文',NULL),(921,162,4,75.00,1,'2025-11-26 16:30:30',17,'数学',NULL),(922,162,5,69.00,1,'2025-11-26 16:30:30',17,'英语',NULL),(923,162,6,96.00,1,'2025-11-26 16:30:30',17,'道法',NULL),(924,162,7,89.00,1,'2025-11-26 16:30:30',17,'体育',NULL),(925,162,NULL,408.00,1,'2025-11-26 16:30:30',17,'总分',NULL),(926,163,3,63.00,1,'2025-11-26 16:30:30',17,'语文',NULL),(927,163,4,71.00,1,'2025-11-26 16:30:30',17,'数学',NULL),(928,163,5,64.00,1,'2025-11-26 16:30:30',17,'英语',NULL),(929,163,6,76.00,1,'2025-11-26 16:30:31',17,'道法',NULL),(930,163,7,76.00,1,'2025-11-26 16:30:31',17,'体育',NULL),(931,163,NULL,350.00,1,'2025-11-26 16:30:31',17,'总分',NULL),(932,164,3,99.00,1,'2025-11-26 16:30:31',17,'语文',NULL),(933,164,4,82.00,1,'2025-11-26 16:30:31',17,'数学',NULL),(934,164,5,79.00,1,'2025-11-26 16:30:31',17,'英语',NULL),(935,164,6,88.00,1,'2025-11-26 16:30:31',17,'道法',NULL),(936,164,7,90.00,1,'2025-11-26 16:30:31',17,'体育',NULL),(937,164,NULL,438.00,1,'2025-11-26 16:30:31',17,'总分',NULL),(938,165,3,85.00,1,'2025-11-26 16:30:31',17,'语文',NULL),(939,165,4,84.00,1,'2025-11-26 16:30:31',17,'数学',NULL),(940,165,5,83.00,1,'2025-11-26 16:30:31',17,'英语',NULL),(941,165,6,76.00,1,'2025-11-26 16:30:31',17,'道法',NULL),(942,165,7,77.00,1,'2025-11-26 16:30:31',17,'体育',NULL),(943,165,NULL,405.00,1,'2025-11-26 16:30:31',17,'总分',NULL),(944,167,3,90.00,1,'2025-11-26 16:30:31',17,'语文',NULL),(945,167,4,79.00,1,'2025-11-26 16:30:31',17,'数学',NULL),(946,167,5,84.00,1,'2025-11-26 16:30:31',17,'英语',NULL),(947,167,6,92.00,1,'2025-11-26 16:30:31',17,'道法',NULL),(948,167,7,64.00,1,'2025-11-26 16:30:31',17,'体育',NULL),(949,167,NULL,409.00,1,'2025-11-26 16:30:31',17,'总分',NULL),(950,168,3,71.00,1,'2025-11-26 16:30:31',18,'语文',NULL),(951,168,4,68.00,1,'2025-11-26 16:30:31',18,'数学',NULL),(952,168,5,60.00,1,'2025-11-26 16:30:31',18,'英语',NULL),(953,168,6,71.00,1,'2025-11-26 16:30:31',18,'道法',NULL),(954,168,7,60.00,1,'2025-11-26 16:30:32',18,'体育',NULL),(955,168,NULL,330.00,1,'2025-11-26 16:30:32',18,'总分',NULL),(956,169,3,89.00,1,'2025-11-26 16:30:32',18,'语文',NULL),(957,169,4,98.00,1,'2025-11-26 16:30:32',18,'数学',NULL),(958,169,5,94.00,1,'2025-11-26 16:30:32',18,'英语',NULL),(959,169,6,96.00,1,'2025-11-26 16:30:32',18,'道法',NULL),(960,169,7,64.00,1,'2025-11-26 16:30:32',18,'体育',NULL),(961,169,NULL,441.00,1,'2025-11-26 16:30:32',18,'总分',NULL),(962,170,3,94.00,1,'2025-11-26 16:30:32',18,'语文',NULL),(963,170,4,80.00,1,'2025-11-26 16:30:32',18,'数学',NULL),(964,170,5,68.00,1,'2025-11-26 16:30:32',18,'英语',NULL),(965,170,6,68.00,1,'2025-11-26 16:30:32',18,'道法',NULL),(966,170,7,71.00,1,'2025-11-26 16:30:32',18,'体育',NULL),(967,170,NULL,381.00,1,'2025-11-26 16:30:32',18,'总分',NULL),(968,171,3,99.00,1,'2025-11-26 16:30:32',18,'语文',NULL),(969,171,4,100.00,1,'2025-11-26 16:30:32',18,'数学',NULL),(970,171,5,80.00,1,'2025-11-26 16:30:32',18,'英语',NULL),(971,171,6,80.00,1,'2025-11-26 16:30:32',18,'道法',NULL),(972,171,7,72.00,1,'2025-11-26 16:30:32',18,'体育',NULL),(973,171,NULL,431.00,1,'2025-11-26 16:30:32',18,'总分',NULL),(974,172,3,94.00,1,'2025-11-26 16:30:32',18,'语文',NULL),(975,172,4,88.00,1,'2025-11-26 16:30:32',18,'数学',NULL),(976,172,5,91.00,1,'2025-11-26 16:30:32',18,'英语',NULL),(977,172,6,82.00,1,'2025-11-26 16:30:32',18,'道法',NULL),(978,172,7,63.00,1,'2025-11-26 16:30:32',18,'体育',NULL),(979,172,NULL,418.00,1,'2025-11-26 16:30:32',18,'总分',NULL),(980,173,3,74.00,1,'2025-11-26 16:30:32',18,'语文',NULL),(981,173,4,72.00,1,'2025-11-26 16:30:32',18,'数学',NULL),(982,173,5,73.00,1,'2025-11-26 16:30:32',18,'英语',NULL),(983,173,6,80.00,1,'2025-11-26 16:30:32',18,'道法',NULL),(984,173,7,88.00,1,'2025-11-26 16:30:33',18,'体育',NULL),(985,173,NULL,387.00,1,'2025-11-26 16:30:33',18,'总分',NULL),(986,174,3,83.00,1,'2025-11-26 16:30:33',18,'语文',NULL),(987,174,4,81.00,1,'2025-11-26 16:30:33',18,'数学',NULL),(988,174,5,67.00,1,'2025-11-26 16:30:33',18,'英语',NULL),(989,174,6,61.00,1,'2025-11-26 16:30:33',18,'道法',NULL),(990,174,7,72.00,1,'2025-11-26 16:30:33',18,'体育',NULL),(991,174,NULL,364.00,1,'2025-11-26 16:30:33',18,'总分',NULL),(992,175,3,68.00,1,'2025-11-26 16:30:33',18,'语文',NULL),(993,175,4,75.00,1,'2025-11-26 16:30:33',18,'数学',NULL),(994,175,5,60.00,1,'2025-11-26 16:30:33',18,'英语',NULL),(995,175,6,70.00,1,'2025-11-26 16:30:33',18,'道法',NULL),(996,175,7,60.00,1,'2025-11-26 16:30:33',18,'体育',NULL),(997,175,NULL,333.00,1,'2025-11-26 16:30:33',18,'总分',NULL),(998,177,3,80.00,1,'2025-11-26 16:30:33',18,'语文',NULL),(999,177,4,83.00,1,'2025-11-26 16:30:33',18,'数学',NULL),(1000,177,5,74.00,1,'2025-11-26 16:30:33',18,'英语',NULL),(1001,177,6,89.00,1,'2025-11-26 16:30:33',18,'道法',NULL),(1002,177,7,80.00,1,'2025-11-26 16:30:33',18,'体育',NULL),(1003,177,NULL,406.00,1,'2025-11-26 16:30:33',18,'总分',NULL),(1004,178,3,74.00,1,'2025-11-26 16:30:33',19,'语文',NULL),(1005,178,4,81.00,1,'2025-11-26 16:30:33',19,'数学',NULL),(1006,178,5,78.00,1,'2025-11-26 16:30:33',19,'英语',NULL),(1007,178,6,78.00,1,'2025-11-26 16:30:33',19,'道法',NULL),(1008,178,7,92.00,1,'2025-11-26 16:30:33',19,'体育',NULL),(1009,178,NULL,403.00,1,'2025-11-26 16:30:33',19,'总分',NULL),(1010,179,3,75.00,1,'2025-11-26 16:30:33',19,'语文',NULL),(1011,179,4,61.00,1,'2025-11-26 16:30:33',19,'数学',NULL),(1012,179,5,89.00,1,'2025-11-26 16:30:33',19,'英语',NULL),(1013,179,6,61.00,1,'2025-11-26 16:30:33',19,'道法',NULL),(1014,179,7,61.00,1,'2025-11-26 16:30:34',19,'体育',NULL),(1015,179,NULL,347.00,1,'2025-11-26 16:30:34',19,'总分',NULL),(1016,180,3,95.00,1,'2025-11-26 16:30:34',19,'语文',NULL),(1017,180,4,84.00,1,'2025-11-26 16:30:34',19,'数学',NULL),(1018,180,5,72.00,1,'2025-11-26 16:30:34',19,'英语',NULL),(1019,180,6,64.00,1,'2025-11-26 16:30:34',19,'道法',NULL),(1020,180,7,89.00,1,'2025-11-26 16:30:34',19,'体育',NULL),(1021,180,NULL,404.00,1,'2025-11-26 16:30:34',19,'总分',NULL),(1022,181,3,76.00,1,'2025-11-26 16:30:34',19,'语文',NULL),(1023,181,4,80.00,1,'2025-11-26 16:30:34',19,'数学',NULL),(1024,181,5,82.00,1,'2025-11-26 16:30:34',19,'英语',NULL),(1025,181,6,61.00,1,'2025-11-26 16:30:34',19,'道法',NULL),(1026,181,7,75.00,1,'2025-11-26 16:30:34',19,'体育',NULL),(1027,181,NULL,374.00,1,'2025-11-26 16:30:34',19,'总分',NULL),(1028,182,3,64.00,1,'2025-11-26 16:30:34',19,'语文',NULL),(1029,182,4,82.00,1,'2025-11-26 16:30:34',19,'数学',NULL),(1030,182,5,100.00,1,'2025-11-26 16:30:34',19,'英语',NULL),(1031,182,6,70.00,1,'2025-11-26 16:30:34',19,'道法',NULL),(1032,182,7,78.00,1,'2025-11-26 16:30:34',19,'体育',NULL),(1033,182,NULL,394.00,1,'2025-11-26 16:30:34',19,'总分',NULL),(1034,183,3,79.00,1,'2025-11-26 16:30:34',19,'语文',NULL),(1035,183,4,64.00,1,'2025-11-26 16:30:34',19,'数学',NULL),(1036,183,5,83.00,1,'2025-11-26 16:30:34',19,'英语',NULL),(1037,183,6,90.00,1,'2025-11-26 16:30:34',19,'道法',NULL),(1038,183,7,85.00,1,'2025-11-26 16:30:34',19,'体育',NULL),(1039,183,NULL,401.00,1,'2025-11-26 16:30:34',19,'总分',NULL),(1040,184,3,96.00,1,'2025-11-26 16:30:34',19,'语文',NULL),(1041,184,4,70.00,1,'2025-11-26 16:30:34',19,'数学',NULL),(1042,184,5,65.00,1,'2025-11-26 16:30:34',19,'英语',NULL),(1043,184,6,96.00,1,'2025-11-26 16:30:34',19,'道法',NULL),(1044,184,7,85.00,1,'2025-11-26 16:30:35',19,'体育',NULL),(1045,184,NULL,412.00,1,'2025-11-26 16:30:35',19,'总分',NULL),(1046,185,3,99.00,1,'2025-11-26 16:30:35',19,'语文',NULL),(1047,185,4,100.00,1,'2025-11-26 16:30:35',19,'数学',NULL),(1048,185,5,80.00,1,'2025-11-26 16:30:35',19,'英语',NULL),(1049,185,6,65.00,1,'2025-11-26 16:30:35',19,'道法',NULL),(1050,185,7,63.00,1,'2025-11-26 16:30:35',19,'体育',NULL),(1051,185,NULL,407.00,1,'2025-11-26 16:30:35',19,'总分',NULL),(1052,187,3,63.00,1,'2025-11-26 16:30:35',19,'语文',NULL),(1053,187,4,68.00,1,'2025-11-26 16:30:35',19,'数学',NULL),(1054,187,5,77.00,1,'2025-11-26 16:30:35',19,'英语',NULL),(1055,187,6,90.00,1,'2025-11-26 16:30:35',19,'道法',NULL),(1056,187,7,87.00,1,'2025-11-26 16:30:35',19,'体育',NULL),(1057,187,NULL,385.00,1,'2025-11-26 16:30:35',19,'总分',NULL),(1058,188,6,84.00,1,'2025-11-26 16:30:35',2,'道法',NULL),(1059,188,7,63.00,1,'2025-11-26 16:30:35',2,'体育',NULL),(1060,188,NULL,408.00,1,'2025-11-26 16:30:35',2,'总分',NULL),(1061,189,6,67.00,1,'2025-11-26 16:30:35',2,'道法',NULL),(1062,189,7,60.00,1,'2025-11-26 16:30:35',2,'体育',NULL),(1063,189,NULL,363.00,1,'2025-11-26 16:30:35',2,'总分',NULL),(1064,190,6,64.00,1,'2025-11-26 16:30:35',3,'道法',NULL),(1065,190,7,69.00,1,'2025-11-26 16:30:35',3,'体育',NULL),(1066,190,NULL,384.00,1,'2025-11-26 16:30:35',3,'总分',NULL),(1067,191,6,61.00,1,'2025-11-26 16:30:35',3,'道法',NULL),(1068,191,7,87.00,1,'2025-11-26 16:30:36',3,'体育',NULL),(1069,191,NULL,386.00,1,'2025-11-26 16:30:36',3,'总分',NULL),(1070,192,6,66.00,1,'2025-11-26 16:30:36',4,'道法',NULL),(1071,192,7,76.00,1,'2025-11-26 16:30:36',4,'体育',NULL),(1072,192,NULL,412.00,1,'2025-11-26 16:30:36',4,'总分',NULL),(1073,193,6,97.00,1,'2025-11-26 16:30:36',4,'道法',NULL),(1074,193,7,94.00,1,'2025-11-26 16:30:36',4,'体育',NULL),(1075,193,NULL,424.00,1,'2025-11-26 16:30:36',4,'总分',NULL),(1076,194,6,88.00,1,'2025-11-26 16:30:36',5,'道法',NULL),(1077,194,7,75.00,1,'2025-11-26 16:30:36',5,'体育',NULL),(1078,194,NULL,403.00,1,'2025-11-26 16:30:36',5,'总分',NULL),(1079,195,6,92.00,1,'2025-11-26 16:30:36',5,'道法',NULL),(1080,195,7,76.00,1,'2025-11-26 16:30:36',5,'体育',NULL),(1081,195,NULL,419.00,1,'2025-11-26 16:30:36',5,'总分',NULL),(1082,196,6,94.00,1,'2025-11-26 16:30:36',6,'道法',NULL),(1083,196,7,82.00,1,'2025-11-26 16:30:36',6,'体育',NULL),(1084,196,NULL,400.00,1,'2025-11-26 16:30:36',6,'总分',NULL),(1085,197,6,78.00,1,'2025-11-26 16:30:36',6,'道法',NULL),(1086,197,7,95.00,1,'2025-11-26 16:30:36',6,'体育',NULL),(1087,197,NULL,412.00,1,'2025-11-26 16:30:36',6,'总分',NULL),(1088,198,6,92.00,1,'2025-11-26 16:30:37',7,'道法',NULL),(1089,198,7,66.00,1,'2025-11-26 16:30:37',7,'体育',NULL),(1090,198,NULL,374.00,1,'2025-11-26 16:30:37',7,'总分',NULL),(1091,199,6,94.00,1,'2025-11-26 16:30:37',7,'道法',NULL),(1092,199,7,72.00,1,'2025-11-26 16:30:37',7,'体育',NULL),(1093,199,NULL,421.00,1,'2025-11-26 16:30:37',7,'总分',NULL),(1094,200,6,79.00,1,'2025-11-26 16:30:37',8,'道法',NULL),(1095,200,7,71.00,1,'2025-11-26 16:30:37',8,'体育',NULL),(1096,200,NULL,407.00,1,'2025-11-26 16:30:37',8,'总分',NULL),(1097,201,6,72.00,1,'2025-11-26 16:30:37',8,'道法',NULL),(1098,201,7,79.00,1,'2025-11-26 16:30:37',8,'体育',NULL),(1099,201,NULL,410.00,1,'2025-11-26 16:30:37',8,'总分',NULL),(1100,202,6,93.00,1,'2025-11-26 16:30:37',9,'道法',NULL),(1101,202,7,85.00,1,'2025-11-26 16:30:37',9,'体育',NULL),(1102,202,NULL,400.00,1,'2025-11-26 16:30:37',9,'总分',NULL),(1103,203,6,100.00,1,'2025-11-26 16:30:37',9,'道法',NULL),(1104,203,7,68.00,1,'2025-11-26 16:30:37',9,'体育',NULL),(1105,203,NULL,392.00,1,'2025-11-26 16:30:37',9,'总分',NULL),(1106,204,6,60.00,1,'2025-11-26 16:30:37',10,'道法',NULL),(1107,204,7,98.00,1,'2025-11-26 16:30:38',10,'体育',NULL),(1108,204,NULL,436.00,1,'2025-11-26 16:30:38',10,'总分',NULL),(1109,205,6,63.00,1,'2025-11-26 16:30:38',10,'道法',NULL),(1110,205,7,92.00,1,'2025-11-26 16:30:38',10,'体育',NULL),(1111,205,NULL,443.00,1,'2025-11-26 16:30:38',10,'总分',NULL),(1112,206,6,78.00,1,'2025-11-26 16:30:38',11,'道法',NULL),(1113,206,7,92.00,1,'2025-11-26 16:30:38',11,'体育',NULL),(1114,206,NULL,450.00,1,'2025-11-26 16:30:38',11,'总分',NULL),(1115,207,6,91.00,1,'2025-11-26 16:30:38',11,'道法',NULL),(1116,207,7,81.00,1,'2025-11-26 16:30:38',11,'体育',NULL),(1117,207,NULL,461.00,1,'2025-11-26 16:30:38',11,'总分',NULL),(1118,208,6,94.00,1,'2025-11-26 16:30:38',12,'道法',NULL),(1119,208,7,93.00,1,'2025-11-26 16:30:38',12,'体育',NULL),(1120,208,NULL,456.00,1,'2025-11-26 16:30:38',12,'总分',NULL),(1121,209,6,78.00,1,'2025-11-26 16:30:38',12,'道法',NULL),(1122,209,7,69.00,1,'2025-11-26 16:30:38',12,'体育',NULL),(1123,209,NULL,345.00,1,'2025-11-26 16:30:38',12,'总分',NULL),(1124,210,6,92.00,1,'2025-11-26 16:30:38',13,'道法',NULL),(1125,210,7,74.00,1,'2025-11-26 16:30:38',13,'体育',NULL),(1126,210,NULL,417.00,1,'2025-11-26 16:30:38',13,'总分',NULL),(1127,211,6,81.00,1,'2025-11-26 16:30:39',13,'道法',NULL),(1128,211,7,72.00,1,'2025-11-26 16:30:39',13,'体育',NULL),(1129,211,NULL,374.00,1,'2025-11-26 16:30:39',13,'总分',NULL),(1130,212,6,75.00,1,'2025-11-26 16:30:39',14,'道法',NULL),(1131,212,7,90.00,1,'2025-11-26 16:30:39',14,'体育',NULL),(1132,212,NULL,403.00,1,'2025-11-26 16:30:39',14,'总分',NULL),(1133,213,6,86.00,1,'2025-11-26 16:30:39',14,'道法',NULL),(1134,213,7,60.00,1,'2025-11-26 16:30:39',14,'体育',NULL),(1135,213,NULL,417.00,1,'2025-11-26 16:30:39',14,'总分',NULL),(1136,214,6,60.00,1,'2025-11-26 16:30:39',15,'道法',NULL),(1137,214,7,86.00,1,'2025-11-26 16:30:39',15,'体育',NULL),(1138,214,NULL,388.00,1,'2025-11-26 16:30:39',15,'总分',NULL),(1139,215,6,83.00,1,'2025-11-26 16:30:39',15,'道法',NULL),(1140,215,7,76.00,1,'2025-11-26 16:30:39',15,'体育',NULL),(1141,215,NULL,372.00,1,'2025-11-26 16:30:39',15,'总分',NULL);
/*!40000 ALTER TABLE `grades` ENABLE KEYS */;
UNLOCK TABLES;

--
-- Table structure for table `resources`
--

DROP TABLE IF EXISTS `resources`;
/*!40101 SET @saved_cs_client     = @@character_set_client */;
/*!40101 SET character_set_client = utf8 */;
CREATE TABLE `resources` (
  `id` int(11) NOT NULL AUTO_INCREMENT,
  `name` varchar(255) NOT NULL,
  `url` varchar(2083) NOT NULL,
  `uploader_id` int(11) DEFAULT NULL,
  `uploaded_at` timestamp NULL DEFAULT CURRENT_TIMESTAMP,
  `content_type` varchar(255) DEFAULT NULL,
  `data` longblob,
  `file_path` varchar(1024) DEFAULT NULL,
  PRIMARY KEY (`id`),
  KEY `uploader_id` (`uploader_id`),
  CONSTRAINT `resources_ibfk_1` FOREIGN KEY (`uploader_id`) REFERENCES `users` (`id`)
) ENGINE=InnoDB AUTO_INCREMENT=3 DEFAULT CHARSET=utf8mb4;
/*!40101 SET character_set_client = @saved_cs_client */;

--
-- Dumping data for table `resources`
--

LOCK TABLES `resources` WRITE;
/*!40000 ALTER TABLE `resources` DISABLE KEYS */;
INSERT INTO `resources` VALUES (1,'Java Tutorial','https://example.com/java-tutorial',1,'2025-11-26 15:25:44',NULL,NULL,NULL),(2,'1765257883617___.pages','/api/v2/resources/serve/1765257883617___.pages',NULL,'2025-12-09 05:24:43','application/x-iwork-pages-sffpages',NULL,'/root/kecheng/v2/backend/uploads/1765257883617___.pages');
/*!40000 ALTER TABLE `resources` ENABLE KEYS */;
UNLOCK TABLES;

--
-- Table structure for table `submissions`
--

DROP TABLE IF EXISTS `submissions`;
/*!40101 SET @saved_cs_client     = @@character_set_client */;
/*!40101 SET character_set_client = utf8 */;
CREATE TABLE `submissions` (
  `id` bigint(20) NOT NULL AUTO_INCREMENT,
  `assignment_id` bigint(20) DEFAULT NULL,
  `student_id` bigint(20) DEFAULT NULL,
  `content` text,
  `file_data` longblob,
  `file_type` varchar(255) DEFAULT NULL,
  `file_path` text,
  `grade` double DEFAULT NULL,
  `graded_by` bigint(20) DEFAULT NULL,
  `graded_at` datetime DEFAULT NULL,
  `status` varchar(50) DEFAULT NULL,
  `remarks` text,
  `submitted_at` datetime DEFAULT CURRENT_TIMESTAMP,
  PRIMARY KEY (`id`)
) ENGINE=InnoDB DEFAULT CHARSET=utf8mb4;
/*!40101 SET character_set_client = @saved_cs_client */;

--
-- Dumping data for table `submissions`
--

LOCK TABLES `submissions` WRITE;
/*!40000 ALTER TABLE `submissions` DISABLE KEYS */;
/*!40000 ALTER TABLE `submissions` ENABLE KEYS */;
UNLOCK TABLES;

--
-- Table structure for table `users`
--

DROP TABLE IF EXISTS `users`;
/*!40101 SET @saved_cs_client     = @@character_set_client */;
/*!40101 SET character_set_client = utf8 */;
CREATE TABLE `users` (
  `id` int(11) NOT NULL AUTO_INCREMENT,
  `username` varchar(50) NOT NULL,
  `password` varchar(255) NOT NULL,
  `email` varchar(100) DEFAULT NULL,
  `created_at` timestamp NULL DEFAULT CURRENT_TIMESTAMP,
  `class_id` bigint(20) DEFAULT NULL,
  `student_number` varchar(50) DEFAULT NULL,
  `role` varchar(32) NOT NULL DEFAULT 'STUDENT',
  PRIMARY KEY (`id`),
  UNIQUE KEY `username` (`username`),
  UNIQUE KEY `idx_users_student_number` (`student_number`)
) ENGINE=InnoDB AUTO_INCREMENT=218 DEFAULT CHARSET=utf8mb4;
/*!40101 SET character_set_client = @saved_cs_client */;

--
-- Dumping data for table `users`
--

LOCK TABLES `users` WRITE;
/*!40000 ALTER TABLE `users` DISABLE KEYS */;
INSERT INTO `users` VALUES (1,'teacher1','password1','teacher1@example.com','2025-11-26 15:25:44',NULL,NULL,'TEACHER'),(2,'student1','password2','student1@example.com','2025-11-26 15:25:44',NULL,NULL,'TEACHER'),(3,'admin','admin123',NULL,'2025-11-26 07:51:21',NULL,NULL,'ADMIN'),(4,'ls','lslsls',NULL,'2025-11-26 07:53:41',2,NULL,'CLASS_TEACHER'),(6,'nj','Pass-1234',NULL,'2025-11-26 07:54:08',NULL,NULL,'GRADE_DIRECTOR'),(8,'10101','student123','10101@example.com','2025-11-26 16:00:35',2,'10101','STUDENT'),(9,'10102','student123','10102@example.com','2025-11-26 16:00:36',2,'10102','STUDENT'),(10,'10103','student123','10103@example.com','2025-11-26 16:00:36',2,'10103','STUDENT'),(11,'10104','student123','10104@example.com','2025-11-26 16:00:36',2,'10104','STUDENT'),(12,'10105','student123','10105@example.com','2025-11-26 16:00:36',2,'10105','STUDENT'),(13,'10106','student123','10106@example.com','2025-11-26 16:00:36',2,'10106','STUDENT'),(14,'10107','student123','10107@example.com','2025-11-26 16:00:36',2,'10107','STUDENT'),(15,'10100','student123','10100@example.com','2025-11-26 16:00:36',2,'10100','STUDENT'),(17,'10110','student123','10110@example.com','2025-11-26 16:00:36',2,'10110','STUDENT'),(18,'10201','student123','10201@example.com','2025-11-26 16:00:36',3,'10201','STUDENT'),(19,'10202','student123','10202@example.com','2025-11-26 16:00:36',3,'10202','STUDENT'),(20,'10203','student123','10203@example.com','2025-11-26 16:00:36',3,'10203','STUDENT'),(21,'10204','student123','10204@example.com','2025-11-26 16:00:36',3,'10204','STUDENT'),(22,'10205','student123','10205@example.com','2025-11-26 16:00:36',3,'10205','STUDENT'),(23,'10206','student123','10206@example.com','2025-11-26 16:00:36',3,'10206','STUDENT'),(24,'10207','student123','10207@example.com','2025-11-26 16:00:36',3,'10207','STUDENT'),(25,'10200','student123','10200@example.com','2025-11-26 16:00:36',3,'10200','STUDENT'),(27,'10210','student123','10210@example.com','2025-11-26 16:00:36',3,'10210','STUDENT'),(28,'10301','student123','10301@example.com','2025-11-26 16:00:36',4,'10301','STUDENT'),(29,'10302','student123','10302@example.com','2025-11-26 16:00:36',4,'10302','STUDENT'),(30,'10303','student123','10303@example.com','2025-11-26 16:00:36',4,'10303','STUDENT'),(31,'10304','student123','10304@example.com','2025-11-26 16:00:36',4,'10304','STUDENT'),(32,'10305','student123','10305@example.com','2025-11-26 16:00:37',4,'10305','STUDENT'),(33,'10306','student123','10306@example.com','2025-11-26 16:00:37',4,'10306','STUDENT'),(34,'10307','student123','10307@example.com','2025-11-26 16:00:37',4,'10307','STUDENT'),(35,'10300','student123','10300@example.com','2025-11-26 16:00:37',4,'10300','STUDENT'),(37,'10310','student123','10310@example.com','2025-11-26 16:00:37',4,'10310','STUDENT'),(38,'20101','student123','20101@example.com','2025-11-26 16:00:37',5,'20101','STUDENT'),(39,'20102','student123','20102@example.com','2025-11-26 16:00:37',5,'20102','STUDENT'),(40,'20103','student123','20103@example.com','2025-11-26 16:00:37',5,'20103','STUDENT'),(41,'20104','student123','20104@example.com','2025-11-26 16:00:37',5,'20104','STUDENT'),(42,'20105','student123','20105@example.com','2025-11-26 16:00:37',5,'20105','STUDENT'),(43,'20106','student123','20106@example.com','2025-11-26 16:00:37',5,'20106','STUDENT'),(44,'20107','student123','20107@example.com','2025-11-26 16:00:37',5,'20107','STUDENT'),(45,'20100','student123','20100@example.com','2025-11-26 16:00:37',5,'20100','STUDENT'),(47,'20110','student123','20110@example.com','2025-11-26 16:00:37',5,'20110','STUDENT'),(48,'20201','student123','20201@example.com','2025-11-26 16:00:37',6,'20201','STUDENT'),(49,'20202','student123','20202@example.com','2025-11-26 16:00:37',6,'20202','STUDENT'),(50,'20203','student123','20203@example.com','2025-11-26 16:00:37',6,'20203','STUDENT'),(51,'20204','student123','20204@example.com','2025-11-26 16:00:37',6,'20204','STUDENT'),(52,'20205','student123','20205@example.com','2025-11-26 16:00:37',6,'20205','STUDENT'),(53,'20206','student123','20206@example.com','2025-11-26 16:00:37',6,'20206','STUDENT'),(54,'20207','student123','20207@example.com','2025-11-26 16:00:37',6,'20207','STUDENT'),(55,'20200','student123','20200@example.com','2025-11-26 16:00:37',6,'20200','STUDENT'),(57,'20210','student123','20210@example.com','2025-11-26 16:00:38',6,'20210','STUDENT'),(58,'20301','student123','20301@example.com','2025-11-26 16:00:38',7,'20301','STUDENT'),(59,'20302','student123','20302@example.com','2025-11-26 16:00:38',7,'20302','STUDENT'),(60,'20303','student123','20303@example.com','2025-11-26 16:00:38',7,'20303','STUDENT'),(61,'20304','student123','20304@example.com','2025-11-26 16:00:38',7,'20304','STUDENT'),(62,'20305','student123','20305@example.com','2025-11-26 16:00:38',7,'20305','STUDENT'),(63,'20306','student123','20306@example.com','2025-11-26 16:00:38',7,'20306','STUDENT'),(64,'20307','student123','20307@example.com','2025-11-26 16:00:38',7,'20307','STUDENT'),(65,'20300','student123','20300@example.com','2025-11-26 16:00:38',7,'20300','STUDENT'),(67,'20310','student123','20310@example.com','2025-11-26 16:00:38',7,'20310','STUDENT'),(68,'30101','student123','30101@example.com','2025-11-26 16:00:38',8,'30101','STUDENT'),(69,'30102','student123','30102@example.com','2025-11-26 16:00:38',8,'30102','STUDENT'),(70,'30103','student123','30103@example.com','2025-11-26 16:00:38',8,'30103','STUDENT'),(71,'30104','student123','30104@example.com','2025-11-26 16:00:38',8,'30104','STUDENT'),(72,'30105','student123','30105@example.com','2025-11-26 16:00:38',8,'30105','STUDENT'),(73,'30106','student123','30106@example.com','2025-11-26 16:00:38',8,'30106','STUDENT'),(74,'30107','student123','30107@example.com','2025-11-26 16:00:38',8,'30107','STUDENT'),(75,'30100','student123','30100@example.com','2025-11-26 16:00:38',8,'30100','STUDENT'),(77,'30110','student123','30110@example.com','2025-11-26 16:00:38',8,'30110','STUDENT'),(78,'30201','student123','30201@example.com','2025-11-26 16:00:38',9,'30201','STUDENT'),(79,'30202','student123','30202@example.com','2025-11-26 16:00:38',9,'30202','STUDENT'),(80,'30203','student123','30203@example.com','2025-11-26 16:00:39',9,'30203','STUDENT'),(81,'30204','student123','30204@example.com','2025-11-26 16:00:39',9,'30204','STUDENT'),(82,'30205','student123','30205@example.com','2025-11-26 16:00:39',9,'30205','STUDENT'),(83,'30206','student123','30206@example.com','2025-11-26 16:00:39',9,'30206','STUDENT'),(84,'30207','student123','30207@example.com','2025-11-26 16:00:39',9,'30207','STUDENT'),(85,'30200','student123','30200@example.com','2025-11-26 16:00:39',9,'30200','STUDENT'),(87,'30210','student123','30210@example.com','2025-11-26 16:00:39',9,'30210','STUDENT'),(88,'30301','student123','30301@example.com','2025-11-26 16:00:39',10,'30301','STUDENT'),(89,'30302','student123','30302@example.com','2025-11-26 16:00:39',10,'30302','STUDENT'),(90,'30303','student123','30303@example.com','2025-11-26 16:00:39',10,'30303','STUDENT'),(91,'30304','student123','30304@example.com','2025-11-26 16:00:39',10,'30304','STUDENT'),(92,'30305','student123','30305@example.com','2025-11-26 16:00:39',10,'30305','STUDENT'),(93,'30306','student123','30306@example.com','2025-11-26 16:00:39',10,'30306','STUDENT'),(94,'30307','student123','30307@example.com','2025-11-26 16:00:39',10,'30307','STUDENT'),(95,'30300','student123','30300@example.com','2025-11-26 16:00:39',10,'30300','STUDENT'),(97,'30310','student123','30310@example.com','2025-11-26 16:00:39',10,'30310','STUDENT'),(98,'40101','student123','40101@example.com','2025-11-26 16:00:39',11,'40101','STUDENT'),(99,'40102','student123','40102@example.com','2025-11-26 16:00:39',11,'40102','STUDENT'),(100,'40103','student123','40103@example.com','2025-11-26 16:00:39',11,'40103','STUDENT'),(101,'40104','student123','40104@example.com','2025-11-26 16:00:39',11,'40104','STUDENT'),(102,'40105','student123','40105@example.com','2025-11-26 16:00:39',11,'40105','STUDENT'),(103,'40106','student123','40106@example.com','2025-11-26 16:00:40',11,'40106','STUDENT'),(104,'40107','student123','40107@example.com','2025-11-26 16:00:40',11,'40107','STUDENT'),(105,'40100','student123','40100@example.com','2025-11-26 16:00:40',11,'40100','STUDENT'),(107,'40110','student123','40110@example.com','2025-11-26 16:00:40',11,'40110','STUDENT'),(108,'40201','student123','40201@example.com','2025-11-26 16:00:40',12,'40201','STUDENT'),(109,'40202','student123','40202@example.com','2025-11-26 16:00:40',12,'40202','STUDENT'),(110,'40203','student123','40203@example.com','2025-11-26 16:00:40',12,'40203','STUDENT'),(111,'40204','student123','40204@example.com','2025-11-26 16:00:40',12,'40204','STUDENT'),(112,'40205','student123','40205@example.com','2025-11-26 16:00:40',12,'40205','STUDENT'),(113,'40206','student123','40206@example.com','2025-11-26 16:00:40',12,'40206','STUDENT'),(114,'40207','student123','40207@example.com','2025-11-26 16:00:40',12,'40207','STUDENT'),(115,'40200','student123','40200@example.com','2025-11-26 16:00:40',12,'40200','STUDENT'),(117,'40210','student123','40210@example.com','2025-11-26 16:00:40',12,'40210','STUDENT'),(118,'40301','student123','40301@example.com','2025-11-26 16:00:40',13,'40301','STUDENT'),(119,'40302','student123','40302@example.com','2025-11-26 16:00:40',13,'40302','STUDENT'),(120,'40303','student123','40303@example.com','2025-11-26 16:00:40',13,'40303','STUDENT'),(121,'40304','student123','40304@example.com','2025-11-26 16:00:40',13,'40304','STUDENT'),(122,'40305','student123','40305@example.com','2025-11-26 16:00:40',13,'40305','STUDENT'),(123,'40306','student123','40306@example.com','2025-11-26 16:00:40',13,'40306','STUDENT'),(124,'40307','student123','40307@example.com','2025-11-26 16:00:40',13,'40307','STUDENT'),(125,'40300','student123','40300@example.com','2025-11-26 16:00:40',13,'40300','STUDENT'),(127,'40310','student123','40310@example.com','2025-11-26 16:00:41',13,'40310','STUDENT'),(128,'50101','student123','50101@example.com','2025-11-26 16:00:41',14,'50101','STUDENT'),(129,'50102','student123','50102@example.com','2025-11-26 16:00:41',14,'50102','STUDENT'),(130,'50103','student123','50103@example.com','2025-11-26 16:00:41',14,'50103','STUDENT'),(131,'50104','student123','50104@example.com','2025-11-26 16:00:41',14,'50104','STUDENT'),(132,'50105','student123','50105@example.com','2025-11-26 16:00:41',14,'50105','STUDENT'),(133,'50106','student123','50106@example.com','2025-11-26 16:00:41',14,'50106','STUDENT'),(134,'50107','student123','50107@example.com','2025-11-26 16:00:41',14,'50107','STUDENT'),(135,'50100','student123','50100@example.com','2025-11-26 16:00:41',14,'50100','STUDENT'),(137,'50110','student123','50110@example.com','2025-11-26 16:00:41',14,'50110','STUDENT'),(138,'50201','student123','50201@example.com','2025-11-26 16:00:41',15,'50201','STUDENT'),(139,'50202','student123','50202@example.com','2025-11-26 16:00:41',15,'50202','STUDENT'),(140,'50203','student123','50203@example.com','2025-11-26 16:00:41',15,'50203','STUDENT'),(141,'50204','student123','50204@example.com','2025-11-26 16:00:41',15,'50204','STUDENT'),(142,'50205','student123','50205@example.com','2025-11-26 16:00:41',15,'50205','STUDENT'),(143,'50206','student123','50206@example.com','2025-11-26 16:00:41',15,'50206','STUDENT'),(144,'50207','student123','50207@example.com','2025-11-26 16:00:41',15,'50207','STUDENT'),(145,'50200','student123','50200@example.com','2025-11-26 16:00:41',15,'50200','STUDENT'),(147,'50210','student123','50210@example.com','2025-11-26 16:00:41',15,'50210','STUDENT'),(148,'50301','student123','50301@example.com','2025-11-26 16:00:41',16,'50301','STUDENT'),(149,'50302','student123','50302@example.com','2025-11-26 16:00:41',16,'50302','STUDENT'),(150,'50303','student123','50303@example.com','2025-11-26 16:00:42',16,'50303','STUDENT'),(151,'50304','student123','50304@example.com','2025-11-26 16:00:42',16,'50304','STUDENT'),(152,'50305','student123','50305@example.com','2025-11-26 16:00:42',16,'50305','STUDENT'),(153,'50306','student123','50306@example.com','2025-11-26 16:00:42',16,'50306','STUDENT'),(154,'50307','student123','50307@example.com','2025-11-26 16:00:42',16,'50307','STUDENT'),(155,'50300','student123','50300@example.com','2025-11-26 16:00:42',16,'50300','STUDENT'),(157,'50310','student123','50310@example.com','2025-11-26 16:00:42',16,'50310','STUDENT'),(158,'60101','student123','60101@example.com','2025-11-26 16:00:42',17,'60101','STUDENT'),(159,'60102','student123','60102@example.com','2025-11-26 16:00:42',17,'60102','STUDENT'),(160,'60103','student123','60103@example.com','2025-11-26 16:00:42',17,'60103','STUDENT'),(161,'60104','student123','60104@example.com','2025-11-26 16:00:42',17,'60104','STUDENT'),(162,'60105','student123','60105@example.com','2025-11-26 16:00:42',17,'60105','STUDENT'),(163,'60106','student123','60106@example.com','2025-11-26 16:00:42',17,'60106','STUDENT'),(164,'60107','student123','60107@example.com','2025-11-26 16:00:42',17,'60107','STUDENT'),(165,'60100','student123','60100@example.com','2025-11-26 16:00:42',17,'60100','STUDENT'),(167,'60110','student123','60110@example.com','2025-11-26 16:00:42',17,'60110','STUDENT'),(168,'60201','student123','60201@example.com','2025-11-26 16:00:42',18,'60201','STUDENT'),(169,'60202','student123','60202@example.com','2025-11-26 16:00:42',18,'60202','STUDENT'),(170,'60203','student123','60203@example.com','2025-11-26 16:00:42',18,'60203','STUDENT'),(171,'60204','student123','60204@example.com','2025-11-26 16:00:42',18,'60204','STUDENT'),(172,'60205','student123','60205@example.com','2025-11-26 16:00:42',18,'60205','STUDENT'),(173,'60206','student123','60206@example.com','2025-11-26 16:00:43',18,'60206','STUDENT'),(174,'60207','student123','60207@example.com','2025-11-26 16:00:43',18,'60207','STUDENT'),(175,'60200','student123','60200@example.com','2025-11-26 16:00:43',18,'60200','STUDENT'),(177,'60210','student123','60210@example.com','2025-11-26 16:00:43',18,'60210','STUDENT'),(178,'60301','student123','60301@example.com','2025-11-26 16:00:43',19,'60301','STUDENT'),(179,'60302','student123','60302@example.com','2025-11-26 16:00:43',19,'60302','STUDENT'),(180,'60303','student123','60303@example.com','2025-11-26 16:00:43',19,'60303','STUDENT'),(181,'60304','student123','60304@example.com','2025-11-26 16:00:43',19,'60304','STUDENT'),(182,'60305','student123','60305@example.com','2025-11-26 16:00:43',19,'60305','STUDENT'),(183,'60306','student123','60306@example.com','2025-11-26 16:00:43',19,'60306','STUDENT'),(184,'60307','student123','60307@example.com','2025-11-26 16:00:43',19,'60307','STUDENT'),(185,'60300','student123','60300@example.com','2025-11-26 16:00:43',19,'60300','STUDENT'),(187,'60310','student123','60310@example.com','2025-11-26 16:00:43',19,'60310','STUDENT'),(188,'10108','student123','10108@example.com','2025-11-26 16:15:54',2,'10108','STUDENT'),(189,'10109','student123','10109@example.com','2025-11-26 16:15:55',2,'10109','STUDENT'),(190,'10208','student123','10208@example.com','2025-11-26 16:15:56',3,'10208','STUDENT'),(191,'10209','student123','10209@example.com','2025-11-26 16:15:56',3,'10209','STUDENT'),(192,'10308','student123','10308@example.com','2025-11-26 16:15:57',4,'10308','STUDENT'),(193,'10309','student123','10309@example.com','2025-11-26 16:15:57',4,'10309','STUDENT'),(194,'20108','student123','20108@example.com','2025-11-26 16:15:58',5,'20108','STUDENT'),(195,'20109','student123','20109@example.com','2025-11-26 16:15:58',5,'20109','STUDENT'),(196,'20208','student123','20208@example.com','2025-11-26 16:15:59',6,'20208','STUDENT'),(197,'20209','student123','20209@example.com','2025-11-26 16:15:59',6,'20209','STUDENT'),(198,'20308','student123','20308@example.com','2025-11-26 16:16:01',7,'20308','STUDENT'),(199,'20309','student123','20309@example.com','2025-11-26 16:16:01',7,'20309','STUDENT'),(200,'30108','student123','30108@example.com','2025-11-26 16:16:02',8,'30108','STUDENT'),(201,'30109','student123','30109@example.com','2025-11-26 16:16:02',8,'30109','STUDENT'),(202,'30208','student123','30208@example.com','2025-11-26 16:16:03',9,'30208','STUDENT'),(203,'30209','student123','30209@example.com','2025-11-26 16:16:03',9,'30209','STUDENT'),(204,'30308','student123','30308@example.com','2025-11-26 16:16:04',10,'30308','STUDENT'),(205,'30309','student123','30309@example.com','2025-11-26 16:16:04',10,'30309','STUDENT'),(206,'40108','student123','40108@example.com','2025-11-26 16:16:05',11,'40108','STUDENT'),(207,'40109','student123','40109@example.com','2025-11-26 16:16:06',11,'40109','STUDENT'),(208,'40208','student123','40208@example.com','2025-11-26 16:16:07',12,'40208','STUDENT'),(209,'40209','student123','40209@example.com','2025-11-26 16:16:07',12,'40209','STUDENT'),(210,'40308','student123','40308@example.com','2025-11-26 16:16:08',13,'40308','STUDENT'),(211,'40309','student123','40309@example.com','2025-11-26 16:16:08',13,'40309','STUDENT'),(212,'50108','student123','50108@example.com','2025-11-26 16:16:09',14,'50108','STUDENT'),(213,'50109','student123','50109@example.com','2025-11-26 16:16:09',14,'50109','STUDENT'),(214,'50208','student123','50208@example.com','2025-11-26 16:16:10',15,'50208','STUDENT'),(215,'50209','student123','50209@example.com','2025-11-26 16:16:11',15,'50209','STUDENT'),(216,'xs','Pass-1234',NULL,'2025-11-26 20:32:49',4,'刘','STUDENT'),(217,'Liu','Pass-1234',NULL,'2025-12-10 03:08:58',3,'30','TEACHER');
/*!40000 ALTER TABLE `users` ENABLE KEYS */;
UNLOCK TABLES;
/*!40103 SET TIME_ZONE=@OLD_TIME_ZONE */;

/*!40101 SET SQL_MODE=@OLD_SQL_MODE */;
/*!40014 SET FOREIGN_KEY_CHECKS=@OLD_FOREIGN_KEY_CHECKS */;
/*!40014 SET UNIQUE_CHECKS=@OLD_UNIQUE_CHECKS */;
/*!40101 SET CHARACTER_SET_CLIENT=@OLD_CHARACTER_SET_CLIENT */;
/*!40101 SET CHARACTER_SET_RESULTS=@OLD_CHARACTER_SET_RESULTS */;
/*!40101 SET COLLATION_CONNECTION=@OLD_COLLATION_CONNECTION */;
/*!40111 SET SQL_NOTES=@OLD_SQL_NOTES */;

-- Dump completed on 2025-12-10 12:03:15
